League,Year,Decade,RS,RA,RD,W,OBP,SLG,BA,Playoffs,G,OOBP,OSLG
1,2012,2010,734,688,46,81,0.328,0.418,0.259,0,162,0.317,0.415
1,2012,2010,700,600,100,94,0.32,0.389,0.247,1,162,0.306,0.378
0,2012,2010,712,705,7,93,0.311,0.417,0.247,1,162,0.315,0.403
0,2012,2010,734,806,-72,69,0.315,0.415,0.26,0,162,0.331,0.428
1,2012,2010,613,759,-146,61,0.302,0.378,0.24,0,162,0.335,0.424
0,2012,2010,748,676,72,85,0.318,0.422,0.255,0,162,0.319,0.405
1,2012,2010,669,588,81,97,0.315,0.411,0.251,1,162,0.305,0.39
0,2012,2010,667,845,-178,68,0.324,0.381,0.251,0,162,0.336,0.43
1,2012,2010,758,890,-132,64,0.33,0.436,0.274,0,162,0.357,0.47
0,2012,2010,726,670,56,88,0.335,0.422,0.268,1,162,0.314,0.402
1,2012,2010,583,794,-211,55,0.302,0.371,0.236,0,162,0.337,0.427
0,2012,2010,676,746,-70,72,0.317,0.4,0.265,0,162,0.339,0.423
0,2012,2010,767,699,68,89,0.332,0.433,0.274,0,162,0.31,0.403
1,2012,2010,637,597,40,86,0.317,0.374,0.252,0,162,0.31,0.364
1,2012,2010,609,724,-115,69,0.308,0.382,0.244,0,162,0.327,0.399
1,2012,2010,776,733,43,83,0.325,0.437,0.259,0,162,0.326,0.414
0,2012,2010,701,832,-131,66,0.325,0.39,0.26,0,162,0.333,0.442
1,2012,2010,650,709,-59,74,0.316,0.386,0.249,0,162,0.315,0.401
0,2012,2010,804,668,136,95,0.337,0.453,0.265,1,162,0.311,0.419
0,2012,2010,713,614,99,94,0.31,0.404,0.238,1,162,0.306,0.378
1,2012,2010,684,680,4,81,0.317,0.4,0.255,0,162,0.306,0.407
1,2012,2010,651,674,-23,79,0.304,0.395,0.243,0,162,0.314,0.39
1,2012,2010,651,710,-59,76,0.319,0.38,0.247,0,162,0.319,0.398
0,2012,2010,619,651,-32,75,0.296,0.369,0.234,0,162,0.308,0.394
1,2012,2010,718,649,69,94,0.327,0.397,0.269,1,162,0.313,0.393
1,2012,2010,765,648,117,88,0.338,0.421,0.271,1,162,0.313,0.387
0,2012,2010,697,577,120,90,0.317,0.394,0.24,0,162,0.294,0.352
0,2012,2010,808,707,101,93,0.334,0.446,0.273,1,162,0.309,0.408
0,2012,2010,716,784,-68,73,0.309,0.407,0.245,0,162,0.335,0.438
1,2012,2010,731,594,137,98,0.322,0.428,0.261,1,162,0.303,0.373
1,2011,2010,731,662,69,94,0.322,0.413,0.25,1,162,0.316,0.409
1,2011,2010,641,605,36,89,0.308,0.387,0.243,0,162,0.31,0.361
0,2011,2010,708,860,-152,69,0.316,0.413,0.257,0,162,0.341,0.46
0,2011,2010,875,737,138,90,0.349,0.461,0.28,0,162,0.322,0.392
1,2011,2010,654,756,-102,71,0.314,0.401,0.256,0,162,0.335,0.413
0,2011,2010,654,706,-52,79,0.319,0.388,0.252,0,162,0.317,0.397
1,2011,2010,735,720,15,79,0.326,0.408,0.256,0,162,0.325,0.415
0,2011,2010,704,760,-56,80,0.317,0.396,0.25,0,162,0.323,0.413
1,2011,2010,735,774,-39,73,0.329,0.41,0.258,0,162,0.331,0.431
0,2011,2010,787,711,76,95,0.34,0.434,0.277,1,162,0.321,0.396
1,2011,2010,625,702,-77,72,0.318,0.388,0.247,0,162,0.316,0.401
1,2011,2010,615,796,-181,56,0.311,0.374,0.258,0,162,0.337,0.432
0,2011,2010,730,762,-32,71,0.329,0.415,0.275,0,162,0.337,0.425
0,2011,2010,667,633,34,86,0.313,0.402,0.253,0,162,0.313,0.388
1,2011,2010,644,612,32,82,0.322,0.375,0.257,0,161,0.31,0.371
1,2011,2010,721,638,83,96,0.325,0.425,0.261,1,162,0.304,0.385
0,2011,2010,619,804,-185,63,0.306,0.36,0.247,0,162,0.34,0.435
1,2011,2010,718,742,-24,77,0.335,0.391,0.264,0,162,0.332,0.411
0,2011,2010,867,657,210,97,0.343,0.444,0.263,1,162,0.322,0.399
0,2011,2010,645,679,-34,74,0.311,0.369,0.244,0,162,0.317,0.378
1,2011,2010,713,529,184,102,0.323,0.395,0.253,1,162,0.296,0.361
1,2011,2010,610,712,-102,72,0.309,0.368,0.244,0,162,0.338,0.409
1,2011,2010,593,611,-18,71,0.305,0.349,0.237,0,162,0.314,0.375
0,2011,2010,556,675,-119,67,0.292,0.348,0.233,0,162,0.31,0.386
1,2011,2010,570,578,-8,86,0.303,0.368,0.242,0,162,0.309,0.346
1,2011,2010,762,692,70,90,0.341,0.425,0.273,1,162,0.319,0.398
0,2011,2010,707,614,93,91,0.322,0.402,0.244,1,162,0.303,0.383
0,2011,2010,855,677,178,96,0.34,0.46,0.283,1,162,0.307,0.392
0,2011,2010,743,761,-18,81,0.317,0.413,0.249,0,162,0.328,0.419
1,2011,2010,624,643,-19,80,0.309,0.383,0.242,0,161,0.319,0.382
1,2010,2010,713,836,-123,65,0.325,0.416,0.25,0,162,0.34,0.448
1,2010,2010,738,629,109,91,0.339,0.401,0.258,1,162,0.314,0.376
0,2010,2010,613,785,-172,66,0.316,0.386,0.259,0,162,0.336,0.434
0,2010,2010,818,744,74,89,0.339,0.451,0.268,0,162,0.327,0.399
1,2010,2010,685,767,-82,75,0.32,0.401,0.257,0,162,0.334,0.398
0,2010,2010,752,704,48,88,0.332,0.42,0.268,0,162,0.325,0.395
1,2010,2010,790,685,105,91,0.338,0.436,0.272,1,162,0.323,0.396
0,2010,2010,646,752,-106,69,0.322,0.378,0.248,0,162,0.342,0.416
1,2010,2010,770,717,53,83,0.336,0.425,0.263,0,162,0.326,0.397
0,2010,2010,751,743,8,81,0.335,0.415,0.268,0,162,0.332,0.4
1,2010,2010,719,717,2,80,0.321,0.403,0.254,0,162,0.331,0.398
1,2010,2010,611,729,-118,76,0.303,0.362,0.247,0,162,0.33,0.402
0,2010,2010,676,845,-169,67,0.331,0.399,0.274,0,162,0.342,0.435
0,2010,2010,681,702,-21,80,0.311,0.39,0.248,0,162,0.327,0.403
1,2010,2010,667,692,-25,80,0.322,0.379,0.252,0,162,0.316,0.378
1,2010,2010,750,804,-54,77,0.335,0.424,0.262,0,162,0.338,0.427
0,2010,2010,781,671,110,94,0.341,0.422,0.273,1,162,0.317,0.417
1,2010,2010,656,652,4,79,0.314,0.383,0.249,0,162,0.33,0.394
0,2010,2010,859,693,166,95,0.35,0.436,0.267,1,162,0.322,0.399
0,2010,2010,663,626,37,81,0.324,0.378,0.256,0,162,0.313,0.379
1,2010,2010,772,640,132,97,0.332,0.413,0.26,1,162,0.311,0.405
1,2010,2010,587,866,-279,57,0.304,0.373,0.242,0,162,0.348,0.449
1,2010,2010,665,581,84,90,0.317,0.371,0.246,0,162,0.308,0.368
0,2010,2010,513,698,-185,61,0.298,0.339,0.236,0,162,0.313,0.401
1,2010,2010,697,583,114,92,0.321,0.408,0.257,1,162,0.313,0.37
1,2010,2010,736,641,95,86,0.332,0.402,0.263,0,162,0.319,0.387
0,2010,2010,802,649,153,96,0.333,0.403,0.247,1,162,0.308,0.404
0,2010,2010,787,687,100,90,0.338,0.419,0.276,1,162,0.319,0.39
0,2010,2010,755,728,27,85,0.312,0.454,0.248,0,162,0.326,0.405
1,2010,2010,655,742,-87,69,0.318,0.39,0.25,0,162,0.33,0.41
1,2009,2000,720,782,-62,70,0.324,0.418,0.253,0,162,0.33,0.419
1,2009,2000,735,641,94,86,0.339,0.405,0.263,0,162,0.323,0.39
0,2009,2000,741,876,-135,64,0.332,0.415,0.268,0,162,0.353,0.476
0,2009,2000,872,736,136,95,0.352,0.454,0.27,1,162,0.335,0.422
1,2009,2000,707,672,35,83,0.332,0.407,0.255,0,161,0.324,0.391
0,2009,2000,724,732,-8,79,0.329,0.411,0.258,0,162,0.325,0.414
1,2009,2000,673,723,-50,78,0.318,0.394,0.247,0,162,0.333,0.418
0,2009,2000,773,865,-92,65,0.339,0.417,0.264,0,162,0.351,0.443
1,2009,2000,804,715,89,92,0.343,0.441,0.261,1,162,0.328,0.405
0,2009,2000,743,745,-2,86,0.331,0.416,0.26,0,163,0.336,0.422
1,2009,2000,772,766,6,87,0.34,0.416,0.268,0,162,0.333,0.408
1,2009,2000,643,770,-127,74,0.319,0.4,0.26,0,162,0.344,0.44
0,2009,2000,686,842,-156,65,0.318,0.405,0.259,0,162,0.343,0.422
0,2009,2000,883,761,122,97,0.35,0.441,0.285,1,162,0.338,0.432
1,2009,2000,780,611,169,95,0.346,0.412,0.27,1,162,0.312,0.361
1,2009,2000,785,818,-33,80,0.341,0.426,0.263,0,162,0.345,0.45
0,2009,2000,817,765,52,87,0.345,0.429,0.274,1,163,0.331,0.431
1,2009,2000,671,757,-86,70,0.335,0.394,0.27,0,162,0.342,0.418
0,2009,2000,915,753,162,103,0.362,0.478,0.283,1,162,0.327,0.408
0,2009,2000,759,761,-2,75,0.328,0.397,0.262,0,162,0.329,0.413
1,2009,2000,820,709,111,93,0.334,0.447,0.258,1,162,0.329,0.427
1,2009,2000,636,768,-132,62,0.318,0.387,0.252,0,161,0.346,0.442
1,2009,2000,638,769,-131,75,0.321,0.381,0.242,0,162,0.333,0.406
0,2009,2000,640,692,-52,85,0.314,0.402,0.258,0,162,0.316,0.394
1,2009,2000,657,611,46,88,0.309,0.389,0.257,0,162,0.314,0.372
1,2009,2000,730,640,90,91,0.332,0.415,0.263,1,162,0.319,0.386
0,2009,2000,803,754,49,84,0.343,0.439,0.263,0,162,0.324,0.417
0,2009,2000,784,740,44,87,0.32,0.445,0.26,0,162,0.331,0.416
0,2009,2000,798,771,27,75,0.333,0.44,0.266,0,162,0.339,0.434
1,2009,2000,710,874,-164,59,0.337,0.406,0.258,0,162,0.352,0.45
1,2008,2000,720,706,14,82,0.327,0.415,0.251,0,162,0.318,0.398
1,2008,2000,753,778,-25,72,0.345,0.408,0.27,0,162,0.336,0.423
0,2008,2000,782,869,-87,68,0.333,0.429,0.267,0,161,0.361,0.435
0,2008,2000,845,694,151,95,0.358,0.447,0.28,1,162,0.323,0.39
1,2008,2000,855,671,184,97,0.354,0.443,0.278,1,161,0.316,0.395
0,2008,2000,811,729,82,89,0.332,0.448,0.263,1,163,0.32,0.41
1,2008,2000,704,800,-96,74,0.321,0.408,0.247,0,162,0.345,0.45
0,2008,2000,805,761,44,81,0.339,0.424,0.262,0,162,0.33,0.424
1,2008,2000,747,822,-75,74,0.336,0.415,0.263,0,162,0.344,0.431
0,2008,2000,821,857,-36,74,0.34,0.444,0.271,0,162,0.353,0.437
1,2008,2000,770,767,3,84,0.326,0.433,0.254,0,161,0.333,0.407
1,2008,2000,712,743,-31,86,0.323,0.415,0.263,0,161,0.328,0.44
0,2008,2000,691,781,-90,75,0.32,0.397,0.269,0,162,0.328,0.415
0,2008,2000,765,697,68,100,0.33,0.413,0.268,1,162,0.323,0.406
1,2008,2000,700,648,52,84,0.333,0.399,0.264,1,162,0.315,0.376
1,2008,2000,750,689,61,90,0.325,0.431,0.253,1,162,0.323,0.406
0,2008,2000,829,745,84,88,0.34,0.408,0.279,0,163,0.324,0.431
1,2008,2000,799,715,84,89,0.34,0.42,0.266,0,162,0.331,0.397
0,2008,2000,789,727,62,89,0.342,0.427,0.271,0,162,0.329,0.405
0,2008,2000,646,690,-44,75,0.318,0.369,0.242,0,161,0.328,0.392
1,2008,2000,799,680,119,92,0.332,0.438,0.255,1,162,0.329,0.41
1,2008,2000,735,884,-149,67,0.32,0.403,0.258,0,162,0.362,0.454
1,2008,2000,637,764,-127,63,0.317,0.39,0.25,0,162,0.332,0.409
0,2008,2000,671,811,-140,61,0.318,0.389,0.265,0,162,0.351,0.433
1,2008,2000,640,759,-119,72,0.321,0.382,0.262,0,162,0.341,0.404
1,2008,2000,779,725,54,86,0.35,0.433,0.281,0,162,0.332,0.431
0,2008,2000,774,671,103,97,0.34,0.422,0.26,1,162,0.314,0.4
0,2008,2000,901,967,-66,79,0.354,0.462,0.283,0,162,0.362,0.455
0,2008,2000,714,610,104,86,0.331,0.399,0.264,0,162,0.309,0.38
1,2008,2000,641,825,-184,59,0.323,0.373,0.251,0,161,0.343,0.436
1,2007,2000,712,732,-20,90,0.321,0.413,0.25,1,162,0.334,0.42
1,2007,2000,810,733,77,84,0.339,0.435,0.275,0,162,0.327,0.415
0,2007,2000,756,868,-112,69,0.333,0.412,0.272,0,162,0.354,0.412
0,2007,2000,867,657,210,96,0.362,0.444,0.279,1,162,0.314,0.392
1,2007,2000,752,690,62,85,0.333,0.422,0.271,1,162,0.322,0.399
0,2007,2000,693,839,-146,72,0.318,0.404,0.246,0,162,0.338,0.435
1,2007,2000,783,853,-70,72,0.335,0.436,0.267,0,162,0.343,0.456
0,2007,2000,811,704,107,96,0.343,0.428,0.268,1,162,0.322,0.407
1,2007,2000,860,758,102,90,0.354,0.437,0.28,1,163,0.33,0.423
0,2007,2000,887,797,90,88,0.345,0.458,0.287,0,162,0.338,0.427
1,2007,2000,790,891,-101,71,0.336,0.448,0.267,0,162,0.364,0.442
1,2007,2000,723,813,-90,73,0.33,0.412,0.26,0,162,0.337,0.454
0,2007,2000,706,778,-72,69,0.322,0.388,0.261,0,162,0.339,0.445
0,2007,2000,822,731,91,94,0.345,0.417,0.284,1,162,0.328,0.412
1,2007,2000,735,727,8,82,0.337,0.406,0.275,0,162,0.326,0.399
1,2007,2000,801,776,25,83,0.329,0.456,0.262,0,162,0.333,0.422
0,2007,2000,718,725,-7,79,0.33,0.391,0.264,0,162,0.324,0.431
1,2007,2000,804,750,54,88,0.342,0.432,0.275,0,162,0.329,0.409
0,2007,2000,968,777,191,94,0.366,0.463,0.29,1,162,0.34,0.417
0,2007,2000,741,758,-17,76,0.338,0.407,0.256,0,162,0.329,0.404
1,2007,2000,892,821,71,89,0.354,0.458,0.274,1,162,0.346,0.451
1,2007,2000,724,846,-122,68,0.325,0.411,0.263,0,162,0.352,0.447
1,2007,2000,741,666,75,89,0.322,0.411,0.251,0,163,0.311,0.374
0,2007,2000,794,813,-19,88,0.337,0.425,0.287,0,162,0.349,0.431
1,2007,2000,683,720,-37,71,0.322,0.387,0.254,0,162,0.334,0.405
1,2007,2000,725,829,-104,78,0.337,0.405,0.274,0,162,0.336,0.431
0,2007,2000,782,944,-162,66,0.336,0.433,0.268,0,162,0.358,0.467
0,2007,2000,816,844,-28,75,0.328,0.426,0.263,0,162,0.356,0.423
0,2007,2000,753,699,54,83,0.327,0.419,0.259,0,162,0.315,0.391
1,2007,2000,673,783,-110,73,0.325,0.39,0.256,0,162,0.339,0.433
1,2006,2000,773,788,-15,76,0.331,0.424,0.267,0,162,0.335,0.431
1,2006,2000,849,805,44,79,0.337,0.455,0.27,0,162,0.343,0.438
0,2006,2000,768,899,-131,70,0.339,0.424,0.277,0,162,0.357,0.462
0,2006,2000,820,825,-5,86,0.351,0.435,0.269,0,162,0.343,0.447
1,2006,2000,716,834,-118,66,0.319,0.422,0.268,0,162,0.342,0.431
0,2006,2000,868,794,74,90,0.342,0.464,0.28,0,162,0.326,0.44
1,2006,2000,749,801,-52,80,0.336,0.432,0.257,0,162,0.337,0.457
0,2006,2000,870,782,88,78,0.349,0.457,0.28,0,162,0.335,0.431
1,2006,2000,813,812,1,76,0.341,0.433,0.27,0,162,0.346,0.438
0,2006,2000,822,675,147,95,0.329,0.449,0.274,1,162,0.321,0.405
1,2006,2000,758,772,-14,78,0.331,0.435,0.264,0,162,0.347,0.423
1,2006,2000,735,719,16,82,0.332,0.409,0.255,0,162,0.319,0.421
0,2006,2000,757,971,-214,62,0.332,0.411,0.271,0,162,0.367,0.476
0,2006,2000,766,732,34,89,0.334,0.425,0.274,0,162,0.316,0.402
1,2006,2000,820,751,69,88,0.348,0.432,0.276,1,162,0.33,0.418
1,2006,2000,730,833,-103,75,0.327,0.42,0.258,0,162,0.333,0.438
0,2006,2000,801,683,118,96,0.347,0.425,0.287,1,162,0.312,0.423
1,2006,2000,834,731,103,97,0.334,0.445,0.264,1,162,0.323,0.407
0,2006,2000,930,767,163,97,0.363,0.461,0.285,1,162,0.326,0.413
0,2006,2000,771,727,44,93,0.34,0.412,0.26,1,162,0.338,0.422
1,2006,2000,865,812,53,85,0.347,0.447,0.267,0,162,0.339,0.46
1,2006,2000,691,797,-106,67,0.327,0.397,0.263,0,162,0.357,0.431
1,2006,2000,731,679,52,88,0.332,0.416,0.263,1,162,0.312,0.404
0,2006,2000,756,792,-36,78,0.325,0.424,0.272,0,162,0.337,0.432
1,2006,2000,746,790,-44,76,0.324,0.422,0.259,0,161,0.337,0.415
1,2006,2000,781,762,19,83,0.337,0.431,0.269,1,161,0.337,0.443
0,2006,2000,689,856,-167,61,0.314,0.42,0.255,0,162,0.358,0.452
0,2006,2000,835,784,51,80,0.338,0.446,0.278,0,162,0.341,0.424
0,2006,2000,809,754,55,87,0.348,0.463,0.284,0,162,0.328,0.422
1,2006,2000,746,872,-126,71,0.338,0.418,0.262,0,162,0.349,0.447
1,2005,2000,696,856,-160,77,0.332,0.421,0.256,0,162,0.345,0.455
1,2005,2000,769,674,95,90,0.333,0.435,0.265,1,162,0.333,0.406
0,2005,2000,729,800,-71,74,0.327,0.434,0.269,0,162,0.336,0.416
0,2005,2000,910,805,105,95,0.357,0.454,0.281,1,162,0.335,0.441
1,2005,2000,703,714,-11,79,0.324,0.44,0.27,0,162,0.325,0.407
0,2005,2000,741,645,96,99,0.322,0.425,0.262,1,162,0.31,0.397
1,2005,2000,820,889,-69,73,0.339,0.446,0.261,0,163,0.352,0.483
0,2005,2000,790,642,148,93,0.334,0.453,0.271,0,162,0.302,0.387
1,2005,2000,740,862,-122,67,0.333,0.411,0.267,0,162,0.362,0.457
0,2005,2000,723,787,-64,71,0.321,0.428,0.272,0,162,0.33,0.436
1,2005,2000,717,732,-15,83,0.339,0.409,0.272,0,162,0.339,0.402
1,2005,2000,693,609,84,89,0.322,0.408,0.256,1,163,0.308,0.389
0,2005,2000,701,935,-234,56,0.32,0.396,0.263,0,162,0.362,0.463
0,2005,2000,761,643,118,95,0.325,0.409,0.27,1,162,0.312,0.401
1,2005,2000,685,755,-70,71,0.326,0.395,0.253,0,162,0.327,0.429
1,2005,2000,726,697,29,81,0.331,0.423,0.259,0,162,0.324,0.408
0,2005,2000,688,662,26,83,0.323,0.391,0.259,0,162,0.307,0.408
1,2005,2000,722,648,74,83,0.322,0.416,0.258,0,162,0.321,0.387
0,2005,2000,886,789,97,95,0.355,0.45,0.276,1,162,0.332,0.422
0,2005,2000,772,658,114,88,0.33,0.407,0.262,0,162,0.311,0.382
1,2005,2000,807,726,81,88,0.348,0.423,0.27,0,162,0.32,0.426
1,2005,2000,680,769,-89,67,0.322,0.4,0.259,0,162,0.344,0.424
1,2005,2000,684,726,-42,82,0.333,0.391,0.257,1,162,0.322,0.408
0,2005,2000,699,751,-52,69,0.317,0.391,0.256,0,162,0.332,0.422
1,2005,2000,649,745,-96,75,0.319,0.396,0.261,0,162,0.336,0.412
1,2005,2000,805,634,171,100,0.339,0.423,0.27,1,162,0.318,0.398
0,2005,2000,750,936,-186,67,0.329,0.425,0.274,0,162,0.355,0.455
0,2005,2000,865,858,7,79,0.329,0.468,0.267,0,162,0.343,0.428
0,2005,2000,775,705,70,80,0.331,0.407,0.265,0,162,0.324,0.418
1,2005,2000,639,673,-34,81,0.322,0.386,0.252,0,162,0.333,0.396
0,2004,2000,836,734,102,92,0.341,0.429,0.282,1,162,0.326,0.415
1,2004,2000,615,899,-284,51,0.31,0.393,0.253,0,162,0.35,0.439
1,2004,2000,803,668,135,96,0.343,0.434,0.27,1,162,0.329,0.4
0,2004,2000,842,830,12,78,0.345,0.432,0.281,0,162,0.348,0.404
0,2004,2000,949,768,181,98,0.36,0.472,0.282,1,162,0.318,0.408
1,2004,2000,789,665,124,89,0.328,0.458,0.268,0,162,0.321,0.395
0,2004,2000,865,831,34,83,0.333,0.457,0.268,0,162,0.338,0.453
1,2004,2000,750,907,-157,76,0.331,0.418,0.25,0,162,0.348,0.481
0,2004,2000,858,857,1,80,0.351,0.444,0.276,0,162,0.342,0.445
1,2004,2000,833,923,-90,68,0.345,0.455,0.275,0,162,0.372,0.471
0,2004,2000,827,844,-17,72,0.337,0.449,0.272,0,162,0.34,0.441
1,2004,2000,718,700,18,83,0.329,0.406,0.264,0,162,0.324,0.412
1,2004,2000,803,698,105,92,0.342,0.436,0.267,1,162,0.328,0.417
0,2004,2000,720,905,-185,58,0.322,0.397,0.259,0,162,0.352,0.476
1,2004,2000,761,684,77,93,0.332,0.423,0.262,1,162,0.323,0.408
1,2004,2000,634,757,-123,67,0.321,0.387,0.248,0,161,0.32,0.417
0,2004,2000,780,715,65,92,0.332,0.431,0.266,1,162,0.323,0.406
1,2004,2000,635,769,-134,67,0.313,0.392,0.249,0,162,0.342,0.431
1,2004,2000,684,731,-47,71,0.317,0.409,0.249,0,162,0.335,0.405
0,2004,2000,897,808,89,101,0.353,0.458,0.268,1,162,0.328,0.432
0,2004,2000,793,742,51,91,0.343,0.433,0.27,0,162,0.332,0.409
1,2004,2000,840,781,59,86,0.345,0.443,0.267,0,162,0.33,0.448
1,2004,2000,680,744,-64,72,0.321,0.401,0.26,0,161,0.342,0.416
1,2004,2000,768,705,63,87,0.342,0.414,0.273,0,162,0.318,0.431
0,2004,2000,698,823,-125,63,0.331,0.396,0.27,0,162,0.338,0.441
1,2004,2000,850,770,80,91,0.357,0.438,0.27,0,162,0.332,0.423
1,2004,2000,855,659,196,105,0.344,0.46,0.278,1,162,0.313,0.403
0,2004,2000,714,842,-128,70,0.32,0.405,0.258,0,161,0.342,0.438
0,2004,2000,860,794,66,89,0.329,0.457,0.266,0,162,0.344,0.432
0,2004,2000,719,823,-104,67,0.328,0.403,0.26,0,161,0.348,0.434
0,2003,2000,736,743,-7,77,0.33,0.413,0.268,0,162,0.327,0.421
1,2003,2000,717,685,32,84,0.33,0.417,0.263,0,162,0.322,0.388
1,2003,2000,907,740,167,101,0.349,0.475,0.284,1,162,0.327,0.401
0,2003,2000,743,820,-77,71,0.323,0.405,0.268,0,163,0.346,0.446
0,2003,2000,961,809,152,95,0.36,0.491,0.289,1,162,0.327,0.415
1,2003,2000,724,683,41,88,0.323,0.416,0.259,1,162,0.324,0.372
0,2003,2000,791,715,76,86,0.331,0.446,0.263,0,162,0.322,0.404
1,2003,2000,694,886,-192,69,0.318,0.395,0.245,0,162,0.349,0.463
0,2003,2000,699,778,-79,68,0.316,0.401,0.254,0,162,0.329,0.426
1,2003,2000,853,892,-39,74,0.344,0.445,0.267,0,162,0.359,0.47
0,2003,2000,591,928,-337,43,0.3,0.375,0.24,0,162,0.352,0.461
1,2003,2000,751,692,59,91,0.333,0.421,0.266,1,162,0.325,0.396
1,2003,2000,805,677,128,87,0.336,0.431,0.263,0,162,0.326,0.397
0,2003,2000,836,867,-31,83,0.336,0.427,0.274,0,162,0.348,0.45
1,2003,2000,574,556,18,85,0.303,0.368,0.243,0,162,0.306,0.354
1,2003,2000,714,873,-159,68,0.329,0.419,0.256,0,162,0.348,0.462
0,2003,2000,801,758,43,90,0.341,0.431,0.277,1,162,0.319,0.428
1,2003,2000,711,716,-5,83,0.326,0.401,0.258,0,162,0.327,0.423
1,2003,2000,642,754,-112,66,0.314,0.374,0.247,0,161,0.345,0.438
0,2003,2000,877,716,161,101,0.356,0.453,0.271,1,163,0.314,0.407
0,2003,2000,768,643,125,96,0.327,0.417,0.254,1,162,0.314,0.376
1,2003,2000,791,697,94,86,0.343,0.419,0.261,0,162,0.327,0.401
1,2003,2000,753,801,-48,75,0.338,0.42,0.267,0,162,0.336,0.431
1,2003,2000,678,831,-153,64,0.333,0.388,0.261,0,162,0.341,0.437
0,2003,2000,795,637,158,93,0.344,0.41,0.271,0,162,0.311,0.388
1,2003,2000,755,638,117,100,0.338,0.425,0.264,1,161,0.321,0.386
1,2003,2000,876,796,80,85,0.35,0.454,0.279,0,162,0.336,0.452
0,2003,2000,715,852,-137,63,0.32,0.404,0.265,0,162,0.347,0.44
0,2003,2000,826,969,-143,71,0.33,0.454,0.266,0,162,0.36,0.473
0,2003,2000,894,826,68,86,0.349,0.455,0.279,0,162,0.337,0.441
0,2002,2000,851,644,207,99,0.341,0.433,0.282,1,162,0.314,0.392
1,2002,2000,819,674,145,98,0.346,0.423,0.267,1,162,0.305,0.397
1,2002,2000,708,565,143,101,0.331,0.409,0.26,1,161,0.313,0.364
0,2002,2000,667,773,-106,67,0.309,0.403,0.246,0,162,0.336,0.435
0,2002,2000,859,665,194,93,0.345,0.444,0.277,0,162,0.308,0.385
1,2002,2000,706,759,-53,67,0.321,0.413,0.246,0,162,0.331,0.407
0,2002,2000,856,798,58,81,0.338,0.449,0.268,0,162,0.33,0.423
1,2002,2000,709,774,-65,78,0.33,0.408,0.253,0,162,0.338,0.426
0,2002,2000,739,837,-98,74,0.321,0.412,0.249,0,162,0.348,0.423
1,2002,2000,778,898,-120,73,0.337,0.423,0.274,0,162,0.349,0.466
0,2002,2000,575,864,-289,55,0.3,0.379,0.248,0,161,0.343,0.455
1,2002,2000,699,763,-64,79,0.337,0.403,0.261,0,162,0.341,0.415
1,2002,2000,749,695,54,84,0.338,0.417,0.262,0,162,0.33,0.41
0,2002,2000,737,891,-154,62,0.323,0.398,0.256,0,162,0.349,0.464
1,2002,2000,713,643,70,92,0.32,0.409,0.264,0,162,0.315,0.387
1,2002,2000,627,821,-194,56,0.32,0.39,0.253,0,162,0.352,0.442
0,2002,2000,768,712,56,94,0.332,0.437,0.272,1,161,0.318,0.421
1,2002,2000,735,718,17,83,0.334,0.418,0.261,0,162,0.329,0.421
1,2002,2000,690,703,-13,75,0.322,0.395,0.256,0,161,0.327,0.403
0,2002,2000,897,697,200,103,0.354,0.455,0.275,1,161,0.309,0.395
0,2002,2000,800,654,146,103,0.339,0.432,0.261,1,162,0.315,0.384
1,2002,2000,710,724,-14,80,0.339,0.422,0.259,0,161,0.328,0.401
1,2002,2000,641,730,-89,72,0.319,0.381,0.244,0,161,0.342,0.423
1,2002,2000,662,815,-153,66,0.321,0.381,0.253,0,162,0.346,0.442
0,2002,2000,814,699,115,93,0.35,0.419,0.275,0,162,0.315,0.41
1,2002,2000,783,616,167,95,0.344,0.442,0.267,1,162,0.319,0.372
1,2002,2000,787,648,139,97,0.338,0.425,0.268,1,162,0.323,0.386
0,2002,2000,673,918,-245,55,0.314,0.39,0.253,0,161,0.357,0.463
0,2002,2000,843,882,-39,72,0.338,0.455,0.269,0,162,0.355,0.451
0,2002,2000,813,828,-15,78,0.327,0.43,0.261,0,162,0.344,0.431
0,2001,2000,691,730,-39,75,0.327,0.405,0.261,0,162,0.331,0.412
1,2001,2000,818,677,141,92,0.341,0.442,0.267,1,162,0.311,0.404
1,2001,2000,729,643,86,88,0.324,0.412,0.26,1,162,0.314,0.384
0,2001,2000,687,829,-142,63,0.319,0.38,0.248,0,162,0.337,0.439
0,2001,2000,772,745,27,82,0.334,0.439,0.266,0,161,0.329,0.393
1,2001,2000,777,701,76,88,0.336,0.43,0.261,0,162,0.321,0.398
0,2001,2000,798,795,3,83,0.334,0.451,0.268,0,162,0.334,0.427
1,2001,2000,735,850,-115,66,0.324,0.419,0.262,0,162,0.341,0.455
0,2001,2000,897,821,76,91,0.35,0.458,0.278,1,162,0.341,0.417
1,2001,2000,923,906,17,73,0.354,0.483,0.292,0,162,0.35,0.48
0,2001,2000,724,876,-152,66,0.32,0.409,0.26,0,162,0.357,0.461
1,2001,2000,742,744,-2,76,0.326,0.423,0.264,0,162,0.338,0.411
1,2001,2000,847,769,78,93,0.347,0.451,0.271,1,162,0.325,0.437
0,2001,2000,729,858,-129,65,0.318,0.409,0.266,0,162,0.348,0.45
1,2001,2000,758,744,14,86,0.323,0.425,0.255,0,162,0.323,0.411
1,2001,2000,740,806,-66,68,0.319,0.426,0.251,0,162,0.35,0.44
0,2001,2000,771,766,5,85,0.337,0.433,0.272,0,162,0.325,0.437
1,2001,2000,670,812,-142,68,0.319,0.396,0.253,0,162,0.339,0.441
1,2001,2000,642,713,-71,82,0.323,0.387,0.249,0,162,0.314,0.419
0,2001,2000,804,713,91,95,0.334,0.435,0.267,1,161,0.318,0.398
0,2001,2000,884,645,239,102,0.345,0.439,0.264,1,162,0.308,0.38
1,2001,2000,746,719,27,86,0.329,0.414,0.26,0,162,0.329,0.424
1,2001,2000,657,858,-201,62,0.313,0.393,0.247,0,162,0.344,0.433
1,2001,2000,789,812,-23,79,0.336,0.399,0.252,0,162,0.33,0.45
0,2001,2000,927,627,300,116,0.36,0.445,0.288,1,162,0.301,0.378
1,2001,2000,799,748,51,90,0.342,0.46,0.266,0,162,0.329,0.404
1,2001,2000,814,684,130,93,0.339,0.441,0.27,1,162,0.328,0.428
0,2001,2000,672,887,-215,62,0.32,0.388,0.258,0,162,0.345,0.452
0,2001,2000,890,968,-78,73,0.344,0.471,0.275,0,162,0.362,0.494
0,2001,2000,767,753,14,80,0.325,0.43,0.263,0,162,0.339,0.435
0,2000,2000,864,869,-5,82,0.352,0.472,0.28,0,162,0.351,0.453
1,2000,2000,792,754,38,85,0.333,0.429,0.265,0,162,0.326,0.424
1,2000,2000,810,714,96,95,0.346,0.429,0.271,1,162,0.319,0.402
0,2000,2000,794,913,-119,74,0.341,0.435,0.272,0,162,0.352,0.449
0,2000,2000,792,745,47,85,0.341,0.423,0.267,0,162,0.322,0.411
1,2000,2000,764,904,-140,65,0.335,0.411,0.256,0,162,0.348,0.452
0,2000,2000,978,839,139,95,0.356,0.47,0.286,1,162,0.346,0.434
1,2000,2000,825,765,60,85,0.343,0.447,0.274,0,163,0.341,0.438
0,2000,2000,950,816,134,90,0.367,0.47,0.288,0,162,0.35,0.425
1,2000,2000,968,897,71,82,0.362,0.455,0.294,0,162,0.354,0.471
0,2000,2000,823,827,-4,79,0.343,0.438,0.275,0,162,0.34,0.443
1,2000,2000,731,797,-66,79,0.331,0.409,0.262,0,161,0.348,0.429
1,2000,2000,938,944,-6,72,0.361,0.477,0.278,0,162,0.353,0.476
0,2000,2000,879,930,-51,77,0.348,0.425,0.288,0,162,0.362,0.474
1,2000,2000,798,729,69,86,0.341,0.431,0.257,0,162,0.332,0.407
1,2000,2000,740,826,-86,73,0.325,0.403,0.246,0,163,0.357,0.42
0,2000,2000,748,880,-132,69,0.337,0.407,0.27,0,162,0.347,0.466
1,2000,2000,738,902,-164,67,0.326,0.432,0.266,0,162,0.353,0.449
1,2000,2000,807,738,69,94,0.346,0.43,0.263,1,162,0.327,0.403
0,2000,2000,871,814,57,87,0.354,0.45,0.277,1,161,0.336,0.422
0,2000,2000,947,813,134,91,0.36,0.458,0.27,1,161,0.348,0.423
1,2000,2000,708,830,-122,65,0.329,0.4,0.251,0,162,0.343,0.448
1,2000,2000,793,888,-95,69,0.339,0.424,0.267,0,162,0.361,0.432
1,2000,2000,752,815,-63,76,0.33,0.402,0.254,0,162,0.34,0.416
0,2000,2000,907,780,127,91,0.361,0.442,0.269,1,162,0.339,0.416
1,2000,2000,925,747,178,97,0.362,0.472,0.278,1,162,0.342,0.412
1,2000,2000,887,771,116,95,0.356,0.455,0.27,1,162,0.338,0.434
0,2000,2000,733,842,-109,69,0.329,0.399,0.257,0,161,0.345,0.451
0,2000,2000,848,974,-126,71,0.352,0.446,0.283,0,162,0.369,0.475
0,2000,2000,861,908,-47,83,0.341,0.469,0.275,0,162,0.354,0.456
0,1999,1990,711,826,-115,70,0.322,0.395,0.256,0,162,0.346,0.427
1,1999,1990,908,676,232,100,0.347,0.459,0.277,1,162,0.32,0.402
1,1999,1990,840,661,179,103,0.341,0.436,0.266,1,162,0.314,0.377
0,1999,1990,851,815,36,78,0.353,0.447,0.279,0,162,0.35,0.441
0,1999,1990,836,718,118,94,0.35,0.448,0.278,1,162,0.315,0.398
1,1999,1990,747,920,-173,67,0.329,0.42,0.257,0,162,0.346,0.467
0,1999,1990,777,870,-93,75,0.337,0.429,0.277,0,162,0.353,0.447
1,1999,1990,865,711,154,96,0.341,0.451,0.272,0,163,0.324,0.411
0,1999,1990,1009,860,149,97,0.373,0.467,0.289,1,162,0.347,0.439
1,1999,1990,906,1028,-122,72,0.348,0.472,0.288,0,162,0.384,0.499
0,1999,1990,747,882,-135,69,0.326,0.443,0.261,0,161,0.349,0.451
1,1999,1990,691,852,-161,64,0.325,0.395,0.263,0,162,0.359,0.44
1,1999,1990,823,675,148,97,0.355,0.42,0.267,1,162,0.326,0.397
0,1999,1990,856,921,-65,64,0.348,0.433,0.282,0,161,0.365,0.454
1,1999,1990,793,787,6,77,0.339,0.42,0.266,0,162,0.336,0.422
1,1999,1990,815,886,-71,74,0.353,0.426,0.273,0,161,0.356,0.457
0,1999,1990,686,845,-159,63,0.328,0.384,0.264,0,161,0.342,0.465
1,1999,1990,718,853,-135,68,0.323,0.427,0.265,0,162,0.342,0.418
1,1999,1990,853,711,142,97,0.363,0.434,0.279,1,163,0.331,0.418
0,1999,1990,900,731,169,98,0.366,0.453,0.282,1,162,0.329,0.4
0,1999,1990,893,846,47,87,0.355,0.446,0.259,0,162,0.344,0.428
1,1999,1990,841,846,-5,77,0.351,0.431,0.275,0,162,0.347,0.447
1,1999,1990,775,782,-7,78,0.334,0.419,0.259,0,161,0.343,0.42
1,1999,1990,710,781,-71,74,0.332,0.393,0.252,0,162,0.333,0.43
0,1999,1990,859,905,-46,79,0.343,0.455,0.269,0,162,0.368,0.454
1,1999,1990,872,831,41,86,0.356,0.434,0.271,0,162,0.345,0.423
1,1999,1990,809,838,-29,75,0.338,0.426,0.262,0,161,0.355,0.427
0,1999,1990,772,913,-141,69,0.343,0.411,0.274,0,162,0.371,0.448
0,1999,1990,945,859,86,95,0.361,0.479,0.293,1,162,0.346,0.459
0,1999,1990,883,862,21,84,0.352,0.457,0.28,0,162,0.353,0.456
0,1998,1990,787,783,4,85,0.335,0.415,0.272,0,162,,
1,1998,1990,665,812,-147,65,0.314,0.393,0.246,0,162,,
1,1998,1990,826,581,245,106,0.342,0.453,0.272,1,162,,
0,1998,1990,817,785,32,79,0.347,0.447,0.273,0,162,,
0,1998,1990,876,729,147,92,0.348,0.463,0.28,1,162,,
1,1998,1990,831,792,39,90,0.337,0.433,0.264,1,163,,
0,1998,1990,861,931,-70,80,0.339,0.444,0.271,0,163,,
1,1998,1990,750,760,-10,77,0.337,0.402,0.262,0,162,,
0,1998,1990,850,779,71,89,0.347,0.448,0.272,1,162,,
1,1998,1990,826,855,-29,77,0.347,0.461,0.291,0,162,,
0,1998,1990,722,863,-141,65,0.323,0.415,0.264,0,162,,
1,1998,1990,667,923,-256,54,0.317,0.373,0.248,0,162,,
1,1998,1990,874,620,254,102,0.356,0.436,0.28,1,162,,
0,1998,1990,714,899,-185,72,0.324,0.399,0.263,0,161,,
1,1998,1990,669,678,-9,83,0.31,0.387,0.252,0,162,,
1,1998,1990,707,812,-105,74,0.33,0.396,0.26,0,162,,
0,1998,1990,734,818,-84,70,0.328,0.389,0.266,0,162,,
1,1998,1990,644,783,-139,65,0.31,0.394,0.249,0,162,,
1,1998,1990,706,645,61,88,0.33,0.394,0.259,0,162,,
0,1998,1990,965,656,309,114,0.364,0.46,0.288,1,162,,
0,1998,1990,804,866,-62,74,0.338,0.397,0.257,0,162,,
1,1998,1990,713,808,-95,75,0.326,0.395,0.264,0,162,,
1,1998,1990,650,718,-68,69,0.311,0.374,0.254,0,163,,
1,1998,1990,749,635,114,98,0.33,0.409,0.253,1,162,,
0,1998,1990,859,855,4,76,0.345,0.468,0.276,0,161,,
1,1998,1990,845,739,106,89,0.353,0.421,0.274,0,163,,
1,1998,1990,810,782,28,83,0.341,0.441,0.258,0,163,,
0,1998,1990,620,751,-131,63,0.321,0.385,0.261,0,162,,
0,1998,1990,940,871,69,88,0.357,0.462,0.289,1,162,,
0,1998,1990,816,768,48,88,0.34,0.448,0.266,0,163,,
0,1997,1990,829,794,35,84,0.346,0.416,0.272,0,162,,
1,1997,1990,791,581,210,101,0.343,0.426,0.27,1,162,,
0,1997,1990,812,681,131,98,0.341,0.429,0.268,1,162,,
0,1997,1990,851,857,-6,78,0.352,0.463,0.291,0,162,,
1,1997,1990,687,759,-72,68,0.321,0.396,0.263,0,162,,
0,1997,1990,779,833,-54,80,0.341,0.417,0.273,0,161,,
1,1997,1990,651,764,-113,76,0.321,0.389,0.253,0,162,,
0,1997,1990,868,815,53,86,0.358,0.467,0.286,1,161,,
1,1997,1990,923,908,15,83,0.357,0.478,0.288,0,162,,
0,1997,1990,784,790,-6,79,0.332,0.415,0.258,0,162,,
1,1997,1990,740,669,71,92,0.346,0.395,0.259,1,162,,
1,1997,1990,777,660,117,84,0.344,0.403,0.259,1,162,,
0,1997,1990,747,820,-73,67,0.333,0.407,0.264,0,161,,
1,1997,1990,742,645,97,88,0.33,0.418,0.268,0,162,,
0,1997,1990,681,742,-61,78,0.325,0.398,0.26,0,161,,
0,1997,1990,772,861,-89,68,0.333,0.409,0.27,0,162,,
1,1997,1990,691,740,-49,78,0.316,0.425,0.258,0,162,,
1,1997,1990,777,709,68,88,0.332,0.405,0.262,0,162,,
0,1997,1990,891,688,203,96,0.362,0.436,0.287,1,162,,
0,1997,1990,764,946,-182,65,0.339,0.423,0.26,0,162,,
1,1997,1990,668,840,-172,68,0.322,0.385,0.255,0,162,,
1,1997,1990,725,760,-35,79,0.329,0.404,0.262,0,162,,
1,1997,1990,795,891,-96,76,0.342,0.407,0.271,0,162,,
0,1997,1990,925,833,92,90,0.355,0.485,0.28,1,162,,
1,1997,1990,784,793,-9,90,0.337,0.414,0.258,1,162,,
1,1997,1990,689,708,-19,73,0.324,0.396,0.255,0,162,,
0,1997,1990,807,823,-16,77,0.334,0.438,0.274,0,162,,
0,1997,1990,654,694,-40,76,0.31,0.389,0.244,0,162,,
1,1996,1990,773,648,125,96,0.333,0.432,0.27,1,162,,
0,1996,1990,949,903,46,88,0.35,0.472,0.274,1,163,,
0,1996,1990,928,921,7,85,0.359,0.457,0.283,0,162,,
0,1996,1990,762,943,-181,70,0.339,0.431,0.276,0,161,,
1,1996,1990,772,771,1,76,0.32,0.401,0.251,0,162,,
0,1996,1990,898,794,104,85,0.36,0.447,0.281,0,162,,
1,1996,1990,778,773,5,81,0.331,0.422,0.256,0,162,,
0,1996,1990,952,769,183,99,0.369,0.475,0.293,1,161,,
1,1996,1990,961,964,-3,83,0.355,0.472,0.287,0,162,,
0,1996,1990,783,1103,-320,53,0.323,0.42,0.256,0,162,,
1,1996,1990,688,703,-15,80,0.329,0.393,0.257,0,162,,
1,1996,1990,753,792,-39,82,0.336,0.397,0.262,0,162,,
0,1996,1990,746,786,-40,75,0.332,0.398,0.267,0,161,,
1,1996,1990,703,652,51,90,0.316,0.384,0.252,1,162,,
0,1996,1990,894,899,-5,80,0.353,0.441,0.279,0,162,,
0,1996,1990,877,900,-23,78,0.357,0.425,0.288,0,162,,
1,1996,1990,741,668,73,88,0.327,0.406,0.262,0,162,,
1,1996,1990,746,779,-33,71,0.324,0.412,0.27,0,162,,
0,1996,1990,871,787,84,92,0.36,0.436,0.288,1,162,,
0,1996,1990,861,900,-39,78,0.344,0.452,0.265,0,162,,
1,1996,1990,650,790,-140,67,0.325,0.387,0.256,0,162,,
1,1996,1990,776,833,-57,73,0.329,0.407,0.266,0,162,,
1,1996,1990,771,682,89,91,0.338,0.402,0.265,1,162,,
0,1996,1990,993,895,98,85,0.366,0.484,0.287,0,161,,
1,1996,1990,752,862,-110,68,0.331,0.388,0.253,0,162,,
1,1996,1990,759,706,53,88,0.33,0.407,0.267,1,162,,
0,1996,1990,928,799,129,90,0.358,0.469,0.284,1,163,,
0,1996,1990,766,809,-43,74,0.331,0.42,0.259,0,162,,
1,1993,1990,767,559,208,104,0.331,0.408,0.262,1,162,,
0,1993,1990,786,745,41,85,0.346,0.413,0.267,0,162,,
0,1993,1990,686,698,-12,80,0.33,0.395,0.264,0,162,,
0,1993,1990,684,770,-86,71,0.331,0.38,0.26,0,162,,
1,1993,1990,738,739,-1,84,0.325,0.414,0.27,0,163,,
0,1993,1990,776,664,112,94,0.338,0.411,0.265,1,162,,
1,1993,1990,722,785,-63,73,0.324,0.396,0.264,0,162,,
0,1993,1990,790,813,-23,76,0.335,0.409,0.275,0,162,,
1,1993,1990,758,967,-209,67,0.323,0.422,0.273,0,162,,
0,1993,1990,899,837,62,85,0.362,0.434,0.275,0,162,,
1,1993,1990,581,724,-143,64,0.314,0.346,0.248,0,162,,
1,1993,1990,716,630,86,85,0.33,0.409,0.267,0,162,,
0,1993,1990,675,694,-19,84,0.32,0.397,0.263,0,162,,
1,1993,1990,675,662,13,81,0.321,0.383,0.261,0,162,,
0,1993,1990,733,792,-59,69,0.328,0.378,0.258,0,162,,
0,1993,1990,693,830,-137,71,0.327,0.385,0.264,0,162,,
1,1993,1990,732,682,50,94,0.326,0.386,0.257,0,163,,
1,1993,1990,672,744,-72,59,0.305,0.39,0.248,0,162,,
0,1993,1990,821,761,60,88,0.353,0.435,0.279,0,162,,
0,1993,1990,715,846,-131,68,0.33,0.394,0.254,0,162,,
1,1993,1990,877,740,137,97,0.351,0.426,0.274,1,162,,
1,1993,1990,707,806,-99,75,0.335,0.393,0.267,0,162,,
1,1993,1990,679,772,-93,61,0.312,0.389,0.252,0,162,,
0,1993,1990,734,731,3,82,0.339,0.406,0.26,0,162,,
1,1993,1990,808,636,172,103,0.34,0.427,0.276,0,162,,
1,1993,1990,758,744,14,87,0.341,0.395,0.272,0,162,,
0,1993,1990,835,751,84,86,0.329,0.431,0.267,0,162,,
0,1993,1990,847,742,105,95,0.35,0.436,0.279,1,162,,
1,1992,1990,682,569,113,98,0.316,0.388,0.254,1,162,,
0,1992,1990,705,656,49,89,0.34,0.398,0.259,0,162,,
0,1992,1990,599,669,-70,73,0.321,0.347,0.246,0,162,,
0,1992,1990,579,671,-92,72,0.301,0.338,0.243,0,162,,
1,1992,1990,593,624,-31,78,0.307,0.364,0.254,0,162,,
0,1992,1990,738,690,48,86,0.336,0.383,0.261,0,162,,
1,1992,1990,660,609,51,90,0.328,0.382,0.26,0,162,,
0,1992,1990,674,746,-72,76,0.323,0.383,0.266,0,162,,
0,1992,1990,791,794,-3,75,0.337,0.407,0.256,0,162,,
1,1992,1990,608,668,-60,81,0.313,0.359,0.246,0,162,,
0,1992,1990,610,667,-57,72,0.315,0.364,0.256,0,162,,
1,1992,1990,548,636,-88,63,0.313,0.339,0.248,0,162,,
0,1992,1990,740,604,136,92,0.33,0.375,0.268,0,162,,
0,1992,1990,747,653,94,90,0.341,0.391,0.277,0,162,,
1,1992,1990,648,581,67,87,0.313,0.37,0.252,0,162,,
1,1992,1990,599,653,-54,72,0.31,0.342,0.235,0,162,,
0,1992,1990,733,746,-13,76,0.328,0.406,0.261,0,162,,
0,1992,1990,745,672,73,96,0.346,0.386,0.258,1,162,,
1,1992,1990,686,717,-31,70,0.32,0.377,0.253,0,162,,
1,1992,1990,693,595,98,96,0.324,0.381,0.255,1,162,,
1,1992,1990,617,636,-19,82,0.313,0.386,0.255,0,162,,
0,1992,1990,679,799,-120,64,0.323,0.402,0.263,0,162,,
1,1992,1990,574,647,-73,72,0.302,0.355,0.244,0,162,,
1,1992,1990,631,604,27,83,0.323,0.375,0.262,0,162,,
0,1992,1990,682,753,-71,77,0.321,0.393,0.25,0,162,,
0,1992,1990,780,682,98,96,0.333,0.414,0.263,1,162,,
1,1991,1990,749,644,105,94,0.328,0.393,0.258,1,162,,
0,1991,1990,686,796,-110,67,0.319,0.401,0.254,0,162,,
0,1991,1990,731,712,19,84,0.34,0.401,0.269,0,162,,
0,1991,1990,653,649,4,81,0.314,0.374,0.255,0,162,,
1,1991,1990,695,734,-39,77,0.309,0.39,0.253,0,160,,
0,1991,1990,758,681,77,87,0.336,0.391,0.262,0,162,,
1,1991,1990,689,691,-2,74,0.32,0.403,0.258,0,162,,
0,1991,1990,576,759,-183,57,0.313,0.35,0.254,0,162,,
0,1991,1990,817,794,23,84,0.333,0.416,0.247,0,162,,
1,1991,1990,605,717,-112,65,0.309,0.347,0.244,0,162,,
0,1991,1990,727,722,5,82,0.328,0.394,0.264,0,162,,
1,1991,1990,665,565,100,93,0.326,0.359,0.253,0,162,,
0,1991,1990,799,744,55,83,0.336,0.396,0.271,0,162,,
0,1991,1990,776,652,124,95,0.344,0.42,0.28,1,162,,
1,1991,1990,579,655,-76,71,0.308,0.357,0.246,0,161,,
1,1991,1990,640,646,-6,77,0.317,0.365,0.244,0,161,,
0,1991,1990,674,777,-103,71,0.316,0.387,0.256,0,162,,
0,1991,1990,760,776,-16,84,0.331,0.389,0.248,0,162,,
1,1991,1990,629,680,-51,78,0.303,0.358,0.241,0,162,,
1,1991,1990,768,632,136,98,0.338,0.398,0.263,1,162,,
1,1991,1990,636,646,-10,84,0.31,0.362,0.244,0,162,,
0,1991,1990,702,674,28,83,0.328,0.383,0.255,0,162,,
1,1991,1990,649,697,-48,75,0.309,0.381,0.246,0,162,,
1,1991,1990,651,648,3,84,0.322,0.357,0.255,0,162,,
0,1991,1990,829,814,15,85,0.341,0.424,0.27,0,162,,
0,1991,1990,684,622,62,91,0.322,0.4,0.257,1,162,,
1,1990,1990,682,821,-139,65,0.311,0.396,0.25,0,162,,
0,1990,1990,669,698,-29,76,0.33,0.37,0.245,0,161,,
0,1990,1990,699,664,35,88,0.344,0.395,0.272,1,162,,
0,1990,1990,690,706,-16,80,0.329,0.391,0.26,0,162,,
1,1990,1990,690,774,-84,77,0.314,0.392,0.263,0,162,,
0,1990,1990,682,633,49,94,0.32,0.379,0.258,0,162,,
1,1990,1990,693,597,96,91,0.325,0.399,0.265,1,162,,
0,1990,1990,732,737,-5,77,0.324,0.391,0.267,0,162,,
0,1990,1990,750,754,-4,79,0.337,0.409,0.259,0,162,,
1,1990,1990,573,656,-83,75,0.313,0.345,0.242,0,162,,
0,1990,1990,707,709,-2,75,0.328,0.395,0.267,0,161,,
1,1990,1990,728,685,43,86,0.328,0.382,0.262,0,162,,
0,1990,1990,732,760,-28,74,0.32,0.384,0.256,0,162,,
0,1990,1990,666,729,-63,74,0.324,0.385,0.265,0,162,,
1,1990,1990,662,598,64,85,0.322,0.37,0.25,0,162,,
1,1990,1990,775,613,162,91,0.323,0.408,0.256,0,162,,
0,1990,1990,603,749,-146,67,0.3,0.366,0.241,0,162,,
0,1990,1990,733,570,163,103,0.336,0.391,0.254,1,162,,
1,1990,1990,646,729,-83,77,0.327,0.363,0.255,0,162,,
1,1990,1990,733,619,114,95,0.33,0.405,0.259,1,162,,
1,1990,1990,673,673,0,75,0.32,0.38,0.257,0,162,,
0,1990,1990,640,680,-40,77,0.333,0.373,0.259,0,162,,
1,1990,1990,719,710,9,85,0.323,0.396,0.262,0,162,,
1,1990,1990,599,698,-99,70,0.32,0.358,0.256,0,162,,
0,1990,1990,676,696,-20,83,0.331,0.376,0.259,0,162,,
0,1990,1990,767,661,106,86,0.328,0.419,0.265,0,162,,
1,1989,1980,584,680,-96,63,0.298,0.35,0.234,0,161,,
0,1989,1980,708,686,22,87,0.326,0.379,0.252,0,162,,
0,1989,1980,774,735,39,83,0.351,0.403,0.277,0,162,,
0,1989,1980,669,578,91,91,0.311,0.386,0.256,0,162,,
1,1989,1980,702,623,79,93,0.319,0.387,0.261,1,162,,
0,1989,1980,693,750,-57,69,0.328,0.383,0.271,0,161,,
1,1989,1980,632,691,-59,75,0.309,0.37,0.247,0,162,,
0,1989,1980,604,654,-50,73,0.31,0.365,0.245,0,162,,
0,1989,1980,617,816,-199,59,0.318,0.351,0.242,0,162,,
1,1989,1980,647,669,-22,86,0.306,0.345,0.239,0,162,,
0,1989,1980,690,635,55,92,0.329,0.373,0.261,0,162,,
1,1989,1980,554,536,18,77,0.306,0.339,0.24,0,160,,
0,1989,1980,707,679,28,81,0.318,0.382,0.259,0,162,,
0,1989,1980,740,738,2,80,0.334,0.402,0.276,0,162,,
1,1989,1980,632,630,2,81,0.319,0.361,0.247,0,162,,
1,1989,1980,683,595,88,87,0.311,0.385,0.246,0,162,,
0,1989,1980,698,792,-94,74,0.331,0.391,0.269,0,161,,
0,1989,1980,712,576,136,99,0.331,0.381,0.261,1,162,,
1,1989,1980,629,735,-106,67,0.314,0.364,0.243,0,163,,
1,1989,1980,637,680,-43,74,0.311,0.359,0.241,0,164,,
1,1989,1980,642,626,16,89,0.319,0.369,0.251,0,162,,
0,1989,1980,694,728,-34,73,0.32,0.384,0.257,0,162,,
1,1989,1980,699,600,99,92,0.316,0.39,0.25,1,162,,
1,1989,1980,632,608,24,86,0.321,0.363,0.258,0,164,,
0,1989,1980,695,714,-19,83,0.326,0.394,0.263,0,162,,
0,1989,1980,731,651,80,89,0.323,0.398,0.26,1,162,,
1,1988,1980,555,741,-186,54,0.298,0.348,0.242,0,160,,
0,1988,1980,550,789,-239,54,0.305,0.359,0.238,0,161,,
0,1988,1980,813,689,124,89,0.357,0.42,0.283,1,162,,
0,1988,1980,714,771,-57,75,0.321,0.385,0.261,0,162,,
1,1988,1980,660,694,-34,77,0.31,0.383,0.261,0,163,,
0,1988,1980,631,757,-126,71,0.303,0.37,0.244,0,161,,
1,1988,1980,641,596,45,87,0.309,0.368,0.246,0,161,,
0,1988,1980,666,731,-65,78,0.314,0.387,0.261,0,162,,
0,1988,1980,703,658,45,88,0.324,0.378,0.25,0,162,,
1,1988,1980,617,631,-14,82,0.306,0.351,0.244,0,162,,
0,1988,1980,704,648,56,84,0.321,0.391,0.259,0,161,,
1,1988,1980,628,544,84,94,0.305,0.352,0.248,1,162,,
0,1988,1980,682,616,66,87,0.314,0.375,0.257,0,162,,
0,1988,1980,759,672,87,91,0.34,0.421,0.274,0,162,,
1,1988,1980,628,592,36,81,0.309,0.373,0.251,0,163,,
1,1988,1980,703,532,171,100,0.325,0.396,0.256,1,160,,
0,1988,1980,772,748,24,85,0.333,0.395,0.263,0,161,,
0,1988,1980,800,620,180,104,0.336,0.399,0.263,1,162,,
1,1988,1980,597,734,-137,65,0.306,0.355,0.239,0,162,,
1,1988,1980,651,616,35,85,0.317,0.369,0.247,0,160,,
1,1988,1980,594,583,11,83,0.31,0.351,0.247,0,161,,
0,1988,1980,664,744,-80,68,0.317,0.398,0.257,0,161,,
1,1988,1980,670,626,44,83,0.318,0.368,0.248,0,162,,
1,1988,1980,578,633,-55,76,0.309,0.337,0.249,0,162,,
0,1988,1980,637,735,-98,70,0.32,0.368,0.252,0,161,,
0,1988,1980,763,680,83,87,0.332,0.419,0.268,0,162,,
1,1987,1980,747,829,-82,69,0.339,0.403,0.258,0,161,,
0,1987,1980,729,880,-151,67,0.322,0.418,0.258,0,162,,
0,1987,1980,842,825,17,78,0.352,0.43,0.278,0,162,,
0,1987,1980,770,803,-33,75,0.326,0.401,0.252,0,162,,
1,1987,1980,720,801,-81,76,0.326,0.432,0.264,0,161,,
0,1987,1980,748,746,2,77,0.319,0.415,0.258,0,162,,
1,1987,1980,783,752,31,84,0.33,0.427,0.266,0,162,,
0,1987,1980,742,957,-215,61,0.324,0.422,0.263,0,162,,
0,1987,1980,896,735,161,98,0.349,0.451,0.272,1,162,,
1,1987,1980,648,678,-30,76,0.318,0.373,0.253,0,162,,
0,1987,1980,715,691,24,83,0.328,0.412,0.262,0,162,,
1,1987,1980,635,675,-40,73,0.309,0.371,0.252,0,162,,
0,1987,1980,862,817,45,91,0.346,0.428,0.276,0,162,,
0,1987,1980,786,806,-20,85,0.328,0.43,0.261,1,162,,
1,1987,1980,741,720,21,91,0.328,0.401,0.265,0,162,,
1,1987,1980,823,698,125,92,0.339,0.434,0.268,0,162,,
0,1987,1980,788,758,30,89,0.336,0.418,0.262,0,162,,
0,1987,1980,806,789,17,81,0.333,0.428,0.26,0,162,,
1,1987,1980,702,749,-47,80,0.327,0.41,0.254,0,162,,
1,1987,1980,723,744,-21,80,0.33,0.403,0.264,0,162,,
1,1987,1980,668,763,-95,65,0.332,0.378,0.26,0,162,,
0,1987,1980,760,801,-41,78,0.335,0.428,0.272,0,162,,
1,1987,1980,783,669,114,90,0.324,0.43,0.26,1,162,,
1,1987,1980,798,693,105,95,0.34,0.378,0.263,1,162,,
0,1987,1980,823,849,-26,75,0.333,0.43,0.266,0,162,,
0,1987,1980,845,655,190,96,0.336,0.446,0.269,0,162,,
1,1986,1980,615,719,-104,72,0.319,0.381,0.25,0,161,,
0,1986,1980,708,760,-52,73,0.327,0.395,0.258,0,162,,
0,1986,1980,794,696,98,95,0.346,0.415,0.271,1,161,,
0,1986,1980,786,684,102,92,0.338,0.404,0.255,1,162,,
1,1986,1980,680,781,-101,70,0.318,0.398,0.256,0,160,,
0,1986,1980,644,699,-55,72,0.31,0.363,0.247,0,162,,
1,1986,1980,732,717,15,86,0.325,0.387,0.254,0,162,,
0,1986,1980,831,841,-10,84,0.337,0.43,0.284,0,163,,
0,1986,1980,798,714,84,87,0.338,0.424,0.263,0,162,,
1,1986,1980,654,569,85,96,0.322,0.381,0.255,1,162,,
0,1986,1980,654,673,-19,76,0.313,0.39,0.252,0,162,,
1,1986,1980,638,679,-41,73,0.313,0.37,0.251,0,162,,
0,1986,1980,667,734,-67,77,0.321,0.385,0.255,0,161,,
0,1986,1980,741,839,-98,71,0.325,0.428,0.261,0,162,,
1,1986,1980,637,688,-51,78,0.322,0.379,0.254,0,161,,
1,1986,1980,783,578,205,108,0.339,0.401,0.263,1,162,,
0,1986,1980,797,738,59,90,0.347,0.43,0.271,0,162,,
0,1986,1980,731,760,-29,76,0.322,0.39,0.252,0,162,,
1,1986,1980,739,713,26,86,0.327,0.4,0.253,0,161,,
1,1986,1980,663,700,-37,64,0.321,0.374,0.25,0,162,,
1,1986,1980,656,723,-67,74,0.321,0.388,0.261,0,162,,
0,1986,1980,718,835,-117,67,0.326,0.399,0.253,0,162,,
1,1986,1980,698,618,80,83,0.322,0.375,0.253,0,162,,
1,1986,1980,601,611,-10,79,0.309,0.327,0.236,0,161,,
0,1986,1980,771,743,28,87,0.331,0.428,0.267,0,162,,
0,1986,1980,809,733,76,86,0.329,0.427,0.269,0,163,,
1,1985,1980,632,781,-149,66,0.315,0.363,0.246,0,162,,
0,1985,1980,818,764,54,83,0.336,0.43,0.263,0,161,,
0,1985,1980,800,720,80,81,0.347,0.429,0.282,0,163,,
0,1985,1980,732,703,29,90,0.333,0.386,0.251,0,162,,
1,1985,1980,686,729,-43,77,0.324,0.39,0.254,0,162,,
0,1985,1980,736,720,16,85,0.315,0.392,0.253,0,163,,
1,1985,1980,677,666,11,89,0.327,0.376,0.255,0,162,,
0,1985,1980,729,861,-132,60,0.324,0.385,0.265,0,162,,
0,1985,1980,729,688,41,84,0.318,0.424,0.253,0,161,,
1,1985,1980,706,691,15,83,0.319,0.388,0.261,0,162,,
0,1985,1980,687,639,48,91,0.313,0.401,0.252,1,162,,
1,1985,1980,682,579,103,95,0.328,0.382,0.261,1,162,,
0,1985,1980,690,802,-112,71,0.319,0.379,0.263,0,161,,
0,1985,1980,705,782,-77,77,0.326,0.407,0.264,0,162,,
1,1985,1980,633,636,-3,84,0.31,0.375,0.247,0,161,,
1,1985,1980,695,568,127,98,0.323,0.385,0.257,0,162,,
0,1985,1980,839,660,179,97,0.344,0.425,0.267,0,161,,
0,1985,1980,757,787,-30,77,0.325,0.401,0.264,0,162,,
1,1985,1980,667,673,-6,75,0.312,0.383,0.245,0,162,,
1,1985,1980,568,708,-140,57,0.311,0.347,0.247,0,161,,
1,1985,1980,650,622,28,83,0.32,0.368,0.255,0,162,,
0,1985,1980,719,818,-99,74,0.326,0.412,0.255,0,162,,
1,1985,1980,556,674,-118,62,0.299,0.348,0.233,0,162,,
1,1985,1980,747,572,175,101,0.335,0.379,0.264,1,162,,
0,1985,1980,617,785,-168,62,0.322,0.381,0.253,0,161,,
0,1985,1980,759,588,171,99,0.331,0.425,0.269,1,161,,
1,1984,1980,632,655,-23,80,0.317,0.361,0.247,0,162,,
0,1984,1980,681,667,14,85,0.328,0.391,0.252,0,162,,
0,1984,1980,810,764,46,86,0.341,0.441,0.283,0,162,,
0,1984,1980,696,697,-1,81,0.319,0.381,0.249,0,162,,
1,1984,1980,762,658,104,96,0.331,0.397,0.26,1,161,,
0,1984,1980,679,736,-57,74,0.314,0.395,0.247,0,162,,
1,1984,1980,627,747,-120,70,0.313,0.356,0.244,0,162,,
0,1984,1980,761,766,-5,75,0.335,0.384,0.265,0,163,,
0,1984,1980,829,643,186,104,0.342,0.432,0.271,1,162,,
1,1984,1980,693,630,63,80,0.323,0.371,0.264,0,162,,
0,1984,1980,673,686,-13,84,0.317,0.399,0.268,1,162,,
1,1984,1980,580,600,-20,79,0.306,0.348,0.244,0,162,,
0,1984,1980,641,734,-93,67,0.317,0.37,0.262,0,161,,
0,1984,1980,673,675,-2,81,0.318,0.385,0.265,0,162,,
1,1984,1980,593,585,8,78,0.312,0.362,0.251,0,161,,
1,1984,1980,652,676,-24,90,0.32,0.369,0.257,0,162,,
0,1984,1980,758,679,79,87,0.339,0.404,0.276,0,162,,
0,1984,1980,738,796,-58,77,0.327,0.404,0.259,0,162,,
1,1984,1980,720,690,30,81,0.333,0.407,0.266,0,162,,
1,1984,1980,615,567,48,75,0.31,0.363,0.255,0,162,,
1,1984,1980,686,634,52,92,0.317,0.371,0.259,1,162,,
0,1984,1980,682,774,-92,74,0.324,0.384,0.258,0,162,,
1,1984,1980,682,807,-125,66,0.328,0.375,0.265,0,162,,
1,1984,1980,652,645,7,84,0.317,0.351,0.252,0,162,,
0,1984,1980,656,714,-58,69,0.313,0.377,0.261,0,161,,
0,1984,1980,750,696,54,89,0.331,0.421,0.273,0,163,,
1,1983,1980,746,640,106,88,0.341,0.4,0.272,0,162,,
0,1983,1980,799,652,147,98,0.34,0.421,0.269,1,162,,
0,1983,1980,724,775,-51,78,0.335,0.409,0.27,0,162,,
0,1983,1980,722,779,-57,70,0.322,0.393,0.26,0,162,,
1,1983,1980,701,719,-18,71,0.319,0.401,0.261,0,162,,
0,1983,1980,800,650,150,99,0.329,0.413,0.262,1,162,,
1,1983,1980,623,710,-87,74,0.314,0.356,0.239,0,162,,
0,1983,1980,704,785,-81,70,0.338,0.369,0.265,0,162,,
0,1983,1980,789,679,110,92,0.335,0.427,0.274,0,162,,
1,1983,1980,643,646,-3,85,0.32,0.375,0.257,0,162,,
0,1983,1980,696,767,-71,79,0.32,0.397,0.271,0,163,,
1,1983,1980,654,609,45,91,0.318,0.379,0.25,1,163,,
0,1983,1980,764,708,56,87,0.333,0.418,0.277,0,162,,
0,1983,1980,709,822,-113,70,0.319,0.401,0.261,0,162,,
1,1983,1980,677,646,31,82,0.326,0.386,0.264,0,163,,
1,1983,1980,575,680,-105,68,0.3,0.344,0.241,0,162,,
0,1983,1980,770,703,67,91,0.337,0.416,0.273,0,162,,
0,1983,1980,708,782,-74,74,0.326,0.381,0.262,0,162,,
1,1983,1980,696,635,61,90,0.329,0.373,0.249,1,163,,
1,1983,1980,659,648,11,84,0.325,0.383,0.264,0,162,,
1,1983,1980,653,653,0,81,0.311,0.351,0.25,0,163,,
0,1983,1980,558,740,-182,60,0.301,0.36,0.24,0,162,,
1,1983,1980,687,697,-10,79,0.325,0.375,0.247,0,162,,
1,1983,1980,679,710,-31,79,0.335,0.384,0.27,0,162,,
0,1983,1980,639,609,30,77,0.31,0.366,0.255,0,163,,
0,1983,1980,795,726,69,89,0.338,0.436,0.277,0,162,,
1,1982,1980,739,702,37,89,0.325,0.383,0.256,1,162,,
0,1982,1980,774,687,87,94,0.341,0.419,0.266,0,163,,
0,1982,1980,753,713,40,89,0.34,0.407,0.274,0,162,,
0,1982,1980,814,670,144,93,0.347,0.433,0.274,1,162,,
1,1982,1980,676,709,-33,73,0.317,0.375,0.26,0,162,,
0,1982,1980,786,710,76,87,0.337,0.413,0.273,0,162,,
1,1982,1980,545,661,-116,61,0.31,0.35,0.251,0,162,,
0,1982,1980,683,748,-65,78,0.341,0.373,0.262,0,162,,
0,1982,1980,729,685,44,83,0.324,0.418,0.266,0,162,,
1,1982,1980,569,620,-51,77,0.302,0.349,0.247,0,162,,
0,1982,1980,784,717,67,90,0.337,0.428,0.285,0,162,,
1,1982,1980,691,612,79,88,0.327,0.388,0.264,0,162,,
0,1982,1980,891,717,174,95,0.335,0.455,0.279,1,163,,
0,1982,1980,657,819,-162,60,0.316,0.396,0.257,0,162,,
1,1982,1980,697,616,81,86,0.325,0.396,0.262,0,162,,
1,1982,1980,609,723,-114,65,0.305,0.35,0.247,0,162,,
0,1982,1980,709,716,-7,79,0.328,0.398,0.256,0,162,,
0,1982,1980,691,819,-128,68,0.309,0.367,0.236,0,162,,
1,1982,1980,664,654,10,89,0.323,0.376,0.26,0,162,,
1,1982,1980,724,696,28,84,0.327,0.408,0.273,0,162,,
1,1982,1980,675,658,17,81,0.311,0.359,0.257,0,162,,
0,1982,1980,651,712,-61,76,0.311,0.381,0.254,0,162,,
1,1982,1980,673,687,-14,87,0.327,0.376,0.253,0,162,,
1,1982,1980,685,609,76,92,0.334,0.364,0.264,1,162,,
0,1982,1980,590,749,-159,64,0.308,0.359,0.249,0,162,,
0,1982,1980,651,701,-50,78,0.314,0.383,0.262,0,162,,
1,1980,1980,630,660,-30,81,0.307,0.38,0.25,0,161,,
0,1980,1980,805,640,165,100,0.342,0.413,0.273,0,162,,
0,1980,1980,757,767,-10,83,0.34,0.436,0.283,0,160,,
0,1980,1980,698,797,-99,65,0.332,0.378,0.265,0,160,,
1,1980,1980,614,728,-114,64,0.309,0.365,0.251,0,162,,
0,1980,1980,587,722,-135,70,0.311,0.37,0.259,0,162,,
1,1980,1980,707,670,37,89,0.327,0.386,0.262,0,163,,
0,1980,1980,738,807,-69,79,0.35,0.381,0.277,0,160,,
0,1980,1980,830,757,73,84,0.348,0.409,0.273,0,163,,
1,1980,1980,637,589,48,93,0.326,0.367,0.261,1,163,,
0,1980,1980,809,694,115,97,0.345,0.413,0.286,1,162,,
1,1980,1980,663,591,72,92,0.323,0.388,0.263,0,163,,
0,1980,1980,811,682,129,86,0.329,0.448,0.275,0,162,,
0,1980,1980,670,724,-54,77,0.319,0.381,0.265,0,161,,
1,1980,1980,694,629,65,90,0.324,0.388,0.257,0,162,,
1,1980,1980,611,702,-91,67,0.319,0.345,0.257,0,162,,
0,1980,1980,820,662,158,103,0.343,0.425,0.267,1,162,,
0,1980,1980,686,642,44,83,0.322,0.385,0.259,0,162,,
1,1980,1980,728,639,89,91,0.327,0.4,0.27,1,162,,
1,1980,1980,666,646,20,83,0.322,0.388,0.266,0,162,,
1,1980,1980,591,654,-63,73,0.324,0.342,0.255,0,163,,
0,1980,1980,610,793,-183,59,0.308,0.356,0.248,0,163,,
1,1980,1980,573,634,-61,75,0.308,0.342,0.244,0,161,,
1,1980,1980,738,710,28,74,0.328,0.4,0.275,0,162,,
0,1980,1980,756,752,4,76,0.339,0.405,0.284,0,163,,
0,1980,1980,624,762,-138,67,0.309,0.383,0.251,0,162,,
1,1979,1970,669,763,-94,66,0.318,0.377,0.256,0,160,,
0,1979,1970,757,582,175,102,0.336,0.419,0.261,1,159,,
0,1979,1970,841,711,130,91,0.344,0.456,0.283,0,160,,
0,1979,1970,866,768,98,88,0.351,0.429,0.282,1,162,,
1,1979,1970,706,707,-1,80,0.329,0.403,0.269,0,162,,
0,1979,1970,730,748,-18,73,0.333,0.41,0.275,0,160,,
1,1979,1970,731,644,87,90,0.338,0.396,0.264,1,161,,
0,1979,1970,760,805,-45,81,0.34,0.384,0.258,0,161,,
0,1979,1970,770,738,32,84,0.339,0.415,0.269,0,161,,
1,1979,1970,583,582,1,89,0.315,0.344,0.256,0,162,,
0,1979,1970,851,816,35,85,0.343,0.422,0.282,0,162,,
1,1979,1970,739,717,22,79,0.331,0.412,0.263,0,162,,
0,1979,1970,807,722,85,95,0.345,0.448,0.28,0,161,,
0,1979,1970,764,725,39,82,0.341,0.402,0.278,0,162,,
1,1979,1970,701,581,120,95,0.319,0.408,0.264,0,160,,
1,1979,1970,593,706,-113,63,0.313,0.35,0.25,0,163,,
0,1979,1970,734,672,62,89,0.328,0.406,0.266,0,160,,
0,1979,1970,573,860,-287,54,0.302,0.346,0.239,0,162,,
1,1979,1970,683,718,-35,84,0.34,0.396,0.266,0,163,,
1,1979,1970,775,643,132,98,0.33,0.416,0.272,1,163,,
1,1979,1970,603,681,-78,68,0.311,0.348,0.242,0,161,,
0,1979,1970,711,820,-109,67,0.331,0.404,0.269,0,162,,
1,1979,1970,672,751,-79,71,0.319,0.365,0.246,0,162,,
1,1979,1970,731,693,38,86,0.331,0.401,0.278,0,163,,
0,1979,1970,750,698,52,83,0.334,0.409,0.278,0,162,,
0,1979,1970,613,862,-249,53,0.311,0.363,0.251,0,162,,
1,1978,1970,600,750,-150,69,0.315,0.363,0.244,0,162,,
0,1978,1970,659,633,26,90,0.326,0.396,0.258,0,161,,
0,1978,1970,796,657,139,99,0.336,0.424,0.267,0,163,,
0,1978,1970,691,666,25,87,0.33,0.37,0.259,0,162,,
1,1978,1970,664,724,-60,79,0.331,0.361,0.264,0,162,,
0,1978,1970,634,731,-97,71,0.317,0.379,0.264,0,161,,
1,1978,1970,710,688,22,92,0.334,0.393,0.256,0,161,,
0,1978,1970,639,694,-55,69,0.323,0.379,0.261,0,159,,
0,1978,1970,714,653,61,86,0.339,0.392,0.271,0,162,,
1,1978,1970,605,634,-29,74,0.313,0.355,0.258,0,162,,
0,1978,1970,743,634,109,92,0.329,0.399,0.268,1,162,,
1,1978,1970,727,573,154,95,0.338,0.402,0.264,1,162,,
0,1978,1970,804,650,154,93,0.339,0.432,0.276,0,162,,
0,1978,1970,666,678,-12,73,0.339,0.375,0.267,0,162,,
1,1978,1970,633,611,22,76,0.306,0.379,0.254,0,162,,
1,1978,1970,607,690,-83,66,0.314,0.352,0.245,0,162,,
0,1978,1970,735,582,153,100,0.329,0.388,0.267,1,163,,
0,1978,1970,532,690,-158,69,0.303,0.351,0.245,0,162,,
1,1978,1970,708,586,122,90,0.328,0.388,0.258,1,162,,
1,1978,1970,684,637,47,88,0.32,0.385,0.257,0,161,,
1,1978,1970,591,598,-7,84,0.321,0.348,0.252,0,162,,
0,1978,1970,614,834,-220,56,0.314,0.359,0.248,0,160,,
1,1978,1970,613,594,19,89,0.318,0.374,0.248,0,162,,
1,1978,1970,600,657,-57,69,0.303,0.358,0.249,0,162,,
0,1978,1970,692,632,60,87,0.332,0.381,0.253,0,162,,
0,1978,1970,590,775,-185,59,0.308,0.359,0.25,0,161,,
1,1977,1970,678,895,-217,61,0.32,0.376,0.254,0,162,,
0,1977,1970,719,653,66,97,0.329,0.393,0.261,0,161,,
0,1977,1970,859,712,147,97,0.345,0.465,0.281,0,161,,
0,1977,1970,675,695,-20,74,0.324,0.386,0.255,0,162,,
1,1977,1970,692,739,-47,81,0.33,0.387,0.266,0,162,,
0,1977,1970,844,771,73,90,0.344,0.444,0.278,0,162,,
1,1977,1970,802,725,77,88,0.345,0.436,0.274,0,162,,
0,1977,1970,676,739,-63,71,0.334,0.38,0.269,0,161,,
0,1977,1970,714,751,-37,74,0.318,0.41,0.264,0,162,,
1,1977,1970,680,650,30,81,0.32,0.385,0.254,0,162,,
0,1977,1970,822,651,171,102,0.34,0.436,0.277,1,162,,
1,1977,1970,769,582,187,98,0.336,0.418,0.266,1,162,,
0,1977,1970,639,765,-126,67,0.314,0.389,0.258,0,162,,
0,1977,1970,867,776,91,84,0.348,0.417,0.282,0,161,,
1,1977,1970,665,736,-71,75,0.318,0.402,0.26,0,162,,
1,1977,1970,587,663,-76,64,0.313,0.346,0.244,0,162,,
0,1977,1970,831,651,180,100,0.344,0.444,0.281,1,162,,
0,1977,1970,605,749,-144,63,0.308,0.352,0.24,0,161,,
1,1977,1970,847,668,179,101,0.346,0.448,0.279,1,162,,
1,1977,1970,734,665,69,96,0.331,0.413,0.274,0,162,,
1,1977,1970,692,834,-142,69,0.324,0.375,0.249,0,162,,
0,1977,1970,624,855,-231,64,0.312,0.381,0.256,0,162,,
1,1977,1970,673,711,-38,75,0.323,0.383,0.253,0,162,,
1,1977,1970,737,688,49,83,0.33,0.388,0.27,0,162,,
0,1977,1970,767,657,110,94,0.342,0.405,0.27,0,162,,
0,1977,1970,605,822,-217,54,0.316,0.365,0.252,0,161,,
1,1976,1970,620,700,-80,70,0.32,0.334,0.245,0,162,,
0,1976,1970,619,598,21,88,0.31,0.358,0.243,0,162,,
0,1976,1970,716,660,56,83,0.324,0.402,0.263,0,162,,
0,1976,1970,550,631,-81,76,0.306,0.318,0.235,0,162,,
1,1976,1970,611,728,-117,75,0.313,0.356,0.251,0,162,,
0,1976,1970,586,745,-159,64,0.314,0.349,0.255,0,161,,
1,1976,1970,857,633,224,102,0.357,0.424,0.28,1,162,,
0,1976,1970,615,615,0,81,0.321,0.359,0.263,0,159,,
0,1976,1970,609,709,-100,74,0.315,0.365,0.257,0,161,,
1,1976,1970,625,657,-32,80,0.322,0.347,0.256,0,162,,
0,1976,1970,713,611,102,90,0.327,0.371,0.269,1,162,,
1,1976,1970,608,543,65,92,0.313,0.349,0.251,0,162,,
0,1976,1970,570,655,-85,66,0.311,0.34,0.246,0,161,,
0,1976,1970,743,704,39,85,0.341,0.375,0.274,0,162,,
1,1976,1970,531,734,-203,55,0.291,0.34,0.235,0,162,,
1,1976,1970,615,538,77,86,0.319,0.352,0.246,0,162,,
0,1976,1970,730,575,155,97,0.328,0.389,0.269,1,159,,
0,1976,1970,686,598,88,87,0.323,0.361,0.246,0,161,,
1,1976,1970,770,557,213,101,0.338,0.395,0.272,1,162,,
1,1976,1970,708,630,78,92,0.321,0.391,0.267,0,162,,
1,1976,1970,570,662,-92,73,0.31,0.337,0.247,0,162,,
1,1976,1970,595,686,-91,74,0.312,0.345,0.246,0,162,,
1,1976,1970,629,671,-42,72,0.323,0.359,0.26,0,162,,
0,1976,1970,616,652,-36,76,0.321,0.341,0.25,0,162,,
1,1975,1970,583,739,-156,67,0.313,0.346,0.244,0,161,,
0,1975,1970,682,553,129,90,0.326,0.373,0.252,0,159,,
0,1975,1970,796,709,87,95,0.344,0.417,0.275,1,160,,
0,1975,1970,628,723,-95,72,0.322,0.328,0.246,0,161,,
1,1975,1970,712,827,-115,75,0.338,0.368,0.259,0,162,,
0,1975,1970,655,703,-48,75,0.331,0.358,0.255,0,161,,
1,1975,1970,840,586,254,108,0.353,0.401,0.271,1,162,,
0,1975,1970,688,703,-15,79,0.327,0.392,0.261,0,159,,
0,1975,1970,570,786,-216,57,0.301,0.366,0.249,0,159,,
1,1975,1970,664,711,-47,64,0.32,0.359,0.254,0,162,,
0,1975,1970,710,649,61,91,0.333,0.394,0.261,0,162,,
1,1975,1970,648,534,114,88,0.325,0.365,0.248,0,162,,
0,1975,1970,675,792,-117,68,0.32,0.389,0.25,0,162,,
0,1975,1970,724,736,-12,76,0.341,0.386,0.271,0,159,,
1,1975,1970,601,690,-89,75,0.317,0.348,0.244,0,162,,
1,1975,1970,646,625,21,82,0.319,0.361,0.256,0,162,,
0,1975,1970,681,588,93,83,0.325,0.382,0.264,0,160,,
0,1975,1970,758,606,152,98,0.333,0.391,0.254,1,162,,
1,1975,1970,735,694,41,86,0.342,0.402,0.269,0,162,,
1,1975,1970,712,565,147,92,0.323,0.402,0.263,1,161,,
1,1975,1970,552,683,-131,71,0.31,0.335,0.244,0,162,,
1,1975,1970,659,671,-12,80,0.333,0.365,0.259,0,161,,
1,1975,1970,662,689,-27,82,0.327,0.375,0.273,0,163,,
0,1975,1970,714,733,-19,79,0.33,0.371,0.256,0,162,,
1,1974,1970,661,563,98,88,0.319,0.363,0.249,0,163,,
0,1974,1970,659,612,47,91,0.322,0.37,0.256,1,162,,
0,1974,1970,696,661,35,84,0.333,0.377,0.264,0,162,,
0,1974,1970,618,657,-39,68,0.321,0.356,0.254,0,163,,
1,1974,1970,669,826,-157,66,0.327,0.365,0.251,0,162,,
0,1974,1970,684,721,-37,80,0.33,0.389,0.268,0,163,,
1,1974,1970,776,631,145,98,0.343,0.394,0.26,0,163,,
0,1974,1970,662,694,-32,77,0.311,0.37,0.255,0,162,,
0,1974,1970,620,768,-148,72,0.303,0.366,0.247,0,162,,
1,1974,1970,653,632,21,81,0.322,0.378,0.263,0,162,,
0,1974,1970,667,662,5,77,0.327,0.364,0.259,0,162,,
1,1974,1970,798,561,237,102,0.342,0.401,0.272,1,162,,
0,1974,1970,647,660,-13,76,0.309,0.369,0.244,0,162,,
0,1974,1970,673,669,4,82,0.336,0.378,0.272,0,163,,
1,1974,1970,662,657,5,79,0.335,0.35,0.254,0,161,,
1,1974,1970,572,646,-74,71,0.311,0.329,0.235,0,162,,
0,1974,1970,671,623,48,89,0.324,0.368,0.263,0,162,,
0,1974,1970,689,551,138,90,0.321,0.373,0.247,1,162,,
1,1974,1970,676,701,-25,80,0.32,0.373,0.261,0,162,,
1,1974,1970,751,657,94,88,0.335,0.391,0.274,1,162,,
1,1974,1970,541,830,-289,60,0.302,0.33,0.229,0,162,,
1,1974,1970,634,723,-89,72,0.322,0.358,0.252,0,162,,
1,1974,1970,677,643,34,86,0.331,0.365,0.265,0,161,,
0,1974,1970,690,698,-8,83,0.336,0.377,0.272,0,161,,
1,1973,1970,799,774,25,76,0.339,0.427,0.266,0,162,,
0,1973,1970,754,561,193,97,0.345,0.389,0.266,1,162,,
0,1973,1970,738,647,91,89,0.338,0.401,0.267,0,162,,
0,1973,1970,629,657,-28,79,0.318,0.348,0.253,0,162,,
1,1973,1970,614,655,-41,77,0.32,0.357,0.247,0,161,,
0,1973,1970,652,705,-53,77,0.324,0.372,0.256,0,162,,
1,1973,1970,741,621,120,99,0.332,0.383,0.254,1,162,,
0,1973,1970,680,826,-146,71,0.315,0.387,0.256,0,162,,
0,1973,1970,642,674,-32,85,0.32,0.39,0.254,0,162,,
1,1973,1970,681,672,9,82,0.312,0.376,0.251,0,162,,
0,1973,1970,755,752,3,88,0.339,0.381,0.261,0,162,,
1,1973,1970,675,565,110,95,0.323,0.371,0.263,0,162,,
0,1973,1970,708,731,-23,74,0.325,0.388,0.253,0,162,,
0,1973,1970,738,692,46,81,0.342,0.393,0.27,0,162,,
1,1973,1970,668,702,-34,79,0.34,0.364,0.251,0,162,,
1,1973,1970,608,588,20,82,0.315,0.338,0.246,1,161,,
0,1973,1970,641,610,31,80,0.322,0.378,0.261,0,162,,
0,1973,1970,758,615,143,94,0.333,0.389,0.26,1,162,,
1,1973,1970,642,717,-75,71,0.31,0.371,0.249,0,162,,
1,1973,1970,704,693,11,80,0.315,0.405,0.261,0,162,,
1,1973,1970,548,770,-222,60,0.296,0.351,0.244,0,162,,
1,1973,1970,739,702,37,88,0.335,0.407,0.262,0,162,,
1,1973,1970,643,603,40,81,0.325,0.357,0.259,0,162,,
0,1973,1970,619,844,-225,57,0.318,0.361,0.255,0,162,,
1,1971,1970,643,699,-56,82,0.312,0.385,0.257,0,162,,
0,1971,1970,742,530,212,101,0.347,0.398,0.261,1,158,,
0,1971,1970,691,667,24,85,0.322,0.397,0.252,0,162,,
0,1971,1970,511,576,-65,76,0.29,0.329,0.231,0,162,,
1,1971,1970,637,648,-11,83,0.325,0.378,0.258,0,162,,
0,1971,1970,617,597,20,79,0.325,0.373,0.25,0,162,,
1,1971,1970,586,581,5,79,0.3,0.366,0.241,0,162,,
0,1971,1970,543,747,-204,60,0.3,0.342,0.238,0,162,,
0,1971,1970,701,645,56,91,0.325,0.405,0.254,0,162,,
1,1971,1970,585,567,18,79,0.302,0.34,0.24,0,162,,
0,1971,1970,603,566,37,85,0.313,0.353,0.25,0,161,,
1,1971,1970,663,587,76,89,0.325,0.37,0.266,0,162,,
0,1971,1970,534,609,-75,69,0.304,0.329,0.229,0,161,,
0,1971,1970,654,670,-16,74,0.323,0.372,0.26,0,160,,
1,1971,1970,622,729,-107,71,0.322,0.343,0.246,0,162,,
1,1971,1970,588,550,38,83,0.319,0.351,0.249,0,162,,
0,1971,1970,648,641,7,81,0.328,0.36,0.254,0,162,,
0,1971,1970,691,564,127,101,0.321,0.384,0.252,1,161,,
1,1971,1970,558,688,-130,67,0.298,0.35,0.233,0,162,,
1,1971,1970,788,599,189,97,0.33,0.416,0.274,1,162,,
1,1971,1970,486,610,-124,61,0.293,0.332,0.233,0,161,,
1,1971,1970,706,644,62,90,0.329,0.378,0.247,1,162,,
1,1971,1970,739,699,40,90,0.338,0.385,0.275,0,163,,
0,1971,1970,537,660,-123,63,0.307,0.326,0.23,0,159,,
1,1970,1970,736,772,-36,76,0.334,0.404,0.27,0,162,,
0,1970,1970,792,574,218,108,0.344,0.401,0.257,1,162,,
0,1970,1970,786,722,64,87,0.335,0.428,0.262,0,162,,
0,1970,1970,631,630,1,86,0.309,0.363,0.251,0,162,,
1,1970,1970,806,679,127,84,0.333,0.415,0.259,0,162,,
0,1970,1970,633,822,-189,56,0.315,0.362,0.253,0,162,,
1,1970,1970,775,681,94,102,0.336,0.436,0.27,1,162,,
0,1970,1970,649,675,-26,76,0.314,0.394,0.249,0,162,,
0,1970,1970,666,731,-65,79,0.322,0.374,0.238,0,162,,
1,1970,1970,744,763,-19,79,0.332,0.391,0.259,0,162,,
0,1970,1970,611,705,-94,65,0.309,0.348,0.244,0,162,,
1,1970,1970,749,684,65,87,0.334,0.382,0.27,0,161,,
0,1970,1970,613,751,-138,65,0.319,0.358,0.242,0,163,,
0,1970,1970,744,605,139,98,0.327,0.403,0.262,1,162,,
1,1970,1970,687,807,-120,73,0.323,0.365,0.237,0,162,,
1,1970,1970,695,630,65,83,0.333,0.37,0.249,0,162,,
0,1970,1970,680,612,68,93,0.324,0.365,0.251,0,163,,
0,1970,1970,678,593,85,89,0.325,0.392,0.249,0,162,,
1,1970,1970,594,730,-136,73,0.305,0.356,0.238,0,161,,
1,1970,1970,729,664,65,89,0.325,0.406,0.27,1,162,,
1,1970,1970,681,788,-107,63,0.312,0.391,0.246,0,162,,
1,1970,1970,831,826,5,86,0.351,0.409,0.262,0,162,,
1,1970,1970,744,747,-3,76,0.331,0.379,0.263,0,162,,
0,1970,1970,626,689,-63,70,0.321,0.358,0.238,0,162,,
1,1969,1960,691,631,60,93,0.321,0.38,0.258,1,162,,
0,1969,1960,779,517,262,109,0.343,0.414,0.265,1,162,,
0,1969,1960,743,736,7,87,0.333,0.415,0.251,0,162,,
0,1969,1960,528,652,-124,71,0.3,0.319,0.23,0,163,,
1,1969,1960,720,611,109,92,0.323,0.384,0.253,0,163,,
0,1969,1960,625,723,-98,68,0.32,0.357,0.247,0,162,,
1,1969,1960,798,768,30,89,0.335,0.422,0.277,0,163,,
0,1969,1960,573,717,-144,62,0.307,0.345,0.237,0,161,,
0,1969,1960,701,601,100,90,0.316,0.387,0.242,0,162,,
1,1969,1960,676,668,8,81,0.33,0.352,0.24,0,162,,
0,1969,1960,586,688,-102,69,0.309,0.338,0.24,0,163,,
1,1969,1960,645,561,84,85,0.315,0.359,0.254,0,162,,
0,1969,1960,790,618,172,97,0.34,0.408,0.268,1,162,,
1,1969,1960,582,791,-209,52,0.31,0.359,0.24,0,162,,
1,1969,1960,632,541,91,100,0.311,0.351,0.242,1,162,,
0,1969,1960,562,587,-25,80,0.308,0.344,0.235,0,162,,
0,1969,1960,740,678,62,88,0.329,0.376,0.249,0,162,,
1,1969,1960,645,745,-100,63,0.312,0.372,0.241,0,162,,
1,1969,1960,725,652,73,88,0.334,0.398,0.277,0,162,,
1,1969,1960,468,746,-278,52,0.285,0.329,0.225,0,162,,
0,1969,1960,639,799,-160,64,0.316,0.346,0.234,0,163,,
1,1969,1960,713,636,77,90,0.334,0.361,0.242,0,162,,
1,1969,1960,595,540,55,87,0.316,0.359,0.253,0,162,,
0,1969,1960,694,644,50,86,0.33,0.378,0.251,0,162,,
1,1968,1960,514,549,-35,81,0.307,0.339,0.252,0,163,,
0,1968,1960,579,497,82,91,0.304,0.352,0.225,0,162,,
0,1968,1960,614,611,3,86,0.313,0.352,0.236,0,162,,
0,1968,1960,498,615,-117,67,0.291,0.318,0.227,0,162,,
1,1968,1960,612,611,1,84,0.298,0.366,0.242,0,163,,
0,1968,1960,463,527,-64,67,0.284,0.311,0.228,0,162,,
1,1968,1960,690,673,17,83,0.32,0.389,0.273,0,163,,
0,1968,1960,516,504,12,86,0.293,0.327,0.234,0,162,,
0,1968,1960,671,492,179,103,0.307,0.385,0.235,1,164,,
1,1968,1960,510,588,-78,72,0.298,0.317,0.231,0,162,,
1,1968,1960,470,509,-39,76,0.289,0.319,0.23,0,162,,
0,1968,1960,562,546,16,79,0.299,0.35,0.237,0,162,,
1,1968,1960,473,499,-26,73,0.281,0.315,0.228,0,163,,
0,1968,1960,536,531,5,83,0.292,0.318,0.214,0,164,,
0,1968,1960,569,544,25,82,0.304,0.343,0.24,0,163,,
1,1968,1960,543,615,-72,76,0.294,0.333,0.233,0,162,,
1,1968,1960,583,532,51,80,0.306,0.343,0.252,0,163,,
1,1968,1960,599,529,70,88,0.307,0.341,0.239,0,163,,
1,1968,1960,583,472,111,97,0.298,0.346,0.249,1,162,,
0,1968,1960,524,665,-141,65,0.287,0.336,0.224,0,161,,
1,1967,1960,631,640,-9,77,0.307,0.372,0.24,0,162,,
0,1967,1960,654,592,62,76,0.31,0.372,0.24,0,161,,
0,1967,1960,722,614,108,92,0.321,0.395,0.255,1,162,,
0,1967,1960,567,587,-20,84,0.301,0.349,0.238,0,161,,
1,1967,1960,702,624,78,87,0.316,0.378,0.251,0,162,,
0,1967,1960,531,491,40,89,0.291,0.32,0.225,0,162,,
1,1967,1960,604,563,41,87,0.297,0.372,0.248,0,162,,
0,1967,1960,559,613,-54,75,0.293,0.359,0.235,0,162,,
0,1967,1960,683,587,96,91,0.325,0.376,0.243,0,163,,
1,1967,1960,626,742,-116,69,0.317,0.364,0.249,0,162,,
0,1967,1960,533,660,-127,62,0.296,0.33,0.233,0,161,,
1,1967,1960,519,595,-76,73,0.301,0.332,0.236,0,162,,
0,1967,1960,671,590,81,91,0.309,0.369,0.24,0,164,,
1,1967,1960,498,672,-174,61,0.288,0.325,0.238,0,162,,
0,1967,1960,522,621,-99,72,0.296,0.317,0.225,0,163,,
1,1967,1960,612,581,31,82,0.313,0.357,0.242,0,162,,
1,1967,1960,679,693,-14,81,0.324,0.38,0.277,0,163,,
1,1967,1960,652,551,101,91,0.313,0.372,0.245,0,162,,
1,1967,1960,695,557,138,101,0.32,0.379,0.263,1,161,,
0,1967,1960,550,637,-87,76,0.288,0.326,0.223,0,161,,
1,1966,1960,782,683,99,85,0.326,0.424,0.263,0,163,,
0,1966,1960,755,601,154,97,0.324,0.409,0.258,1,160,,
0,1966,1960,655,731,-76,72,0.31,0.376,0.24,0,162,,
0,1966,1960,604,643,-39,80,0.303,0.354,0.232,0,162,,
1,1966,1960,644,809,-165,59,0.313,0.38,0.254,0,162,,
0,1966,1960,574,517,57,83,0.297,0.331,0.231,0,163,,
1,1966,1960,692,702,-10,76,0.309,0.395,0.26,0,160,,
0,1966,1960,574,586,-12,81,0.297,0.36,0.237,0,162,,
0,1966,1960,719,698,21,88,0.321,0.406,0.251,0,162,,
1,1966,1960,612,695,-83,72,0.318,0.365,0.255,0,163,,
0,1966,1960,564,648,-84,74,0.294,0.337,0.236,0,160,,
1,1966,1960,606,490,116,95,0.314,0.362,0.256,1,162,,
0,1966,1960,663,581,82,89,0.316,0.382,0.249,0,162,,
1,1966,1960,587,761,-174,66,0.301,0.342,0.239,0,161,,
0,1966,1960,611,612,-1,70,0.299,0.374,0.235,0,160,,
1,1966,1960,696,640,56,87,0.322,0.378,0.258,0,162,,
1,1966,1960,759,641,118,92,0.329,0.428,0.279,0,162,,
1,1966,1960,675,626,49,93,0.303,0.392,0.248,0,161,,
1,1966,1960,571,577,-6,83,0.298,0.368,0.251,0,162,,
0,1966,1960,557,659,-102,71,0.295,0.355,0.234,0,159,,
0,1965,1960,641,578,63,94,0.307,0.363,0.238,0,162,,
0,1965,1960,669,791,-122,62,0.327,0.4,0.251,0,162,,
0,1965,1960,527,569,-42,75,0.297,0.341,0.239,0,162,,
1,1965,1960,635,723,-88,72,0.307,0.358,0.238,0,164,,
0,1965,1960,647,555,92,95,0.315,0.364,0.246,0,162,,
1,1965,1960,825,704,121,89,0.339,0.439,0.273,0,162,,
0,1965,1960,663,613,50,87,0.315,0.379,0.25,0,162,,
0,1965,1960,680,602,78,89,0.312,0.374,0.238,0,162,,
1,1965,1960,569,711,-142,65,0.305,0.34,0.237,0,162,,
0,1965,1960,585,755,-170,59,0.309,0.358,0.24,0,162,,
1,1965,1960,608,521,87,97,0.312,0.335,0.245,1,162,,
0,1965,1960,774,600,174,102,0.324,0.399,0.254,1,162,,
1,1965,1960,708,633,75,86,0.31,0.416,0.256,0,162,,
1,1965,1960,495,752,-257,50,0.277,0.327,0.221,0,164,,
0,1965,1960,611,604,7,77,0.299,0.364,0.235,0,162,,
1,1965,1960,654,667,-13,85,0.313,0.384,0.25,0,162,,
1,1965,1960,675,580,95,90,0.317,0.382,0.265,0,163,,
1,1965,1960,682,593,89,95,0.313,0.385,0.252,0,163,,
1,1965,1960,707,674,33,80,0.314,0.371,0.254,0,162,,
0,1965,1960,591,721,-130,70,0.304,0.35,0.228,0,162,,
0,1964,1960,679,567,112,97,0.316,0.387,0.248,0,163,,
0,1964,1960,688,793,-105,72,0.322,0.416,0.258,0,162,,
1,1964,1960,649,724,-75,76,0.314,0.39,0.251,0,162,,
0,1964,1960,642,501,141,98,0.32,0.353,0.247,0,162,,
1,1964,1960,660,566,94,92,0.308,0.372,0.249,0,163,,
0,1964,1960,689,693,-4,79,0.312,0.38,0.247,0,164,,
0,1964,1960,699,678,21,85,0.319,0.395,0.253,0,163,,
1,1964,1960,495,628,-133,66,0.285,0.315,0.229,0,162,,
0,1964,1960,621,836,-215,57,0.311,0.379,0.239,0,163,,
0,1964,1960,544,551,-7,82,0.304,0.344,0.242,0,162,,
1,1964,1960,614,572,42,80,0.305,0.34,0.25,0,164,,
0,1964,1960,737,678,59,79,0.322,0.427,0.252,0,163,,
1,1964,1960,803,744,59,88,0.333,0.418,0.272,0,162,,
1,1964,1960,569,776,-207,53,0.296,0.348,0.246,0,163,,
0,1964,1960,730,577,153,99,0.317,0.387,0.253,1,164,,
1,1964,1960,693,632,61,92,0.315,0.391,0.258,0,162,,
1,1964,1960,663,636,27,80,0.315,0.389,0.264,0,162,,
1,1964,1960,656,587,69,90,0.31,0.382,0.246,0,162,,
1,1964,1960,715,652,63,93,0.324,0.392,0.272,1,162,,
0,1964,1960,578,733,-155,62,0.299,0.348,0.231,0,162,,
0,1963,1960,644,621,23,86,0.31,0.38,0.249,0,162,,
0,1963,1960,666,704,-38,76,0.312,0.4,0.252,0,161,,
1,1963,1960,570,578,-8,82,0.297,0.363,0.238,0,162,,
0,1963,1960,683,544,139,94,0.323,0.365,0.25,0,162,,
1,1963,1960,648,594,54,86,0.31,0.371,0.246,0,162,,
0,1963,1960,635,702,-67,79,0.301,0.381,0.239,0,162,,
0,1963,1960,700,703,-3,79,0.327,0.382,0.252,0,162,,
1,1963,1960,464,640,-176,66,0.283,0.301,0.22,0,162,,
0,1963,1960,615,704,-89,73,0.313,0.353,0.247,0,162,,
0,1963,1960,597,660,-63,70,0.309,0.354,0.25,0,161,,
1,1963,1960,640,550,90,99,0.309,0.357,0.251,1,163,,
0,1963,1960,767,602,165,91,0.325,0.43,0.255,0,161,,
1,1963,1960,677,603,74,84,0.312,0.37,0.244,0,163,,
1,1963,1960,501,774,-273,51,0.285,0.315,0.219,0,162,,
0,1963,1960,714,547,167,104,0.309,0.403,0.252,1,161,,
1,1963,1960,642,578,64,87,0.306,0.381,0.252,0,162,,
1,1963,1960,567,595,-28,74,0.309,0.359,0.25,0,162,,
1,1963,1960,725,641,84,88,0.316,0.414,0.258,0,162,,
1,1963,1960,747,628,119,93,0.326,0.403,0.271,0,162,,
0,1963,1960,578,812,-234,56,0.293,0.351,0.227,0,162,,
0,1962,1960,652,680,-28,77,0.314,0.387,0.248,0,162,,
0,1962,1960,707,756,-49,76,0.324,0.403,0.258,0,160,,
1,1962,1960,632,827,-195,59,0.317,0.377,0.253,0,162,,
0,1962,1960,707,658,49,85,0.334,0.372,0.257,0,162,,
1,1962,1960,802,685,117,98,0.332,0.417,0.27,0,162,,
0,1962,1960,682,745,-63,80,0.312,0.388,0.245,0,162,,
0,1962,1960,758,692,66,85,0.33,0.411,0.248,0,161,,
1,1962,1960,592,717,-125,64,0.31,0.351,0.246,0,162,,
0,1962,1960,745,837,-92,72,0.332,0.386,0.263,0,162,,
0,1962,1960,718,706,12,86,0.325,0.38,0.25,0,162,,
1,1962,1960,842,697,145,102,0.337,0.4,0.268,0,165,,
0,1962,1960,798,713,85,91,0.338,0.412,0.26,0,163,,
1,1962,1960,730,665,65,86,0.326,0.403,0.252,0,162,,
1,1962,1960,617,948,-331,40,0.318,0.361,0.24,0,161,,
0,1962,1960,817,680,137,96,0.337,0.426,0.267,1,162,,
1,1962,1960,705,759,-54,81,0.33,0.39,0.26,0,161,,
1,1962,1960,706,626,80,93,0.321,0.394,0.268,0,161,,
1,1962,1960,878,690,188,103,0.341,0.441,0.278,1,165,,
1,1962,1960,774,664,110,84,0.335,0.394,0.271,0,163,,
0,1962,1960,599,716,-117,60,0.308,0.373,0.25,0,162,,
